wind_code,innercode
000001.SZ,3
000002.SZ,6
000004.SZ,14
000005.SZ,17
000006.SZ,20
000007.SZ,23
000008.SZ,26
000009.SZ,28
000010.SZ,31
000011.SZ,34
000012.SZ,38
000014.SZ,43
000016.SZ,47
000017.SZ,49
000018.SZ,51
000019.SZ,53
000020.SZ,55
000021.SZ,57
000023.SZ,60
000024.SZ,61
000025.SZ,63
000026.SZ,65
000027.SZ,67
000028.SZ,68
000029.SZ,70
000030.SZ,72
000031.SZ,74
000032.SZ,75
000033.SZ,76
000034.SZ,77
000035.SZ,78
000036.SZ,79
000037.SZ,80
000038.SZ,82
000039.SZ,83
000040.SZ,85
000042.SZ,86
000045.SZ,88
000046.SZ,90
000048.SZ,92
000049.SZ,93
000050.SZ,94
000055.SZ,95
000056.SZ,97
000058.SZ,99
000059.SZ,101
000060.SZ,102
000061.SZ,103
000062.SZ,104
000063.SZ,105
000065.SZ,106
000066.SZ,107
000068.SZ,108
000069.SZ,109
000070.SZ,111
000078.SZ,112
000088.SZ,113
000089.SZ,114
000090.SZ,115
000096.SZ,116
000099.SZ,117
000100.SZ,118
000150.SZ,119
000151.SZ,120
000153.SZ,121
000155.SZ,122
000156.SZ,123
000157.SZ,124
000158.SZ,125
000159.SZ,126
000166.SZ,43570
000301.SZ,141
000333.SZ,30181
000338.SZ,5312
000400.SZ,147
000401.SZ,148
000402.SZ,149
000403.SZ,150
000404.SZ,151
000407.SZ,154
000408.SZ,155
000409.SZ,156
000410.SZ,157
000411.SZ,158
000413.SZ,160
000415.SZ,162
000416.SZ,163
000417.SZ,164
000418.SZ,165
000419.SZ,167
000420.SZ,168
000421.SZ,169
000422.SZ,170
000423.SZ,171
000425.SZ,172
000426.SZ,173
000428.SZ,174
000429.SZ,175
000430.SZ,177
000488.SZ,178
000498.SZ,180
000501.SZ,181
000502.SZ,182
000503.SZ,184
000504.SZ,185
000505.SZ,186
000506.SZ,188
000507.SZ,189
000509.SZ,191
000510.SZ,192
000511.SZ,193
000513.SZ,194
000514.SZ,196
000516.SZ,198
000517.SZ,199
000518.SZ,200
000519.SZ,201
000520.SZ,202
000521.SZ,203
000523.SZ,206
000524.SZ,207
000525.SZ,208
000526.SZ,209
000528.SZ,211
000529.SZ,212
000530.SZ,213
000531.SZ,215
000532.SZ,216
000533.SZ,217
000534.SZ,218
000536.SZ,220
000537.SZ,221
000538.SZ,222
000539.SZ,223
000540.SZ,225
000541.SZ,226
000543.SZ,229
000544.SZ,230
000545.SZ,231
000546.SZ,232
000547.SZ,233
000548.SZ,234
000550.SZ,236
000551.SZ,238
000552.SZ,239
000553.SZ,240
000554.SZ,242
000555.SZ,243
000557.SZ,245
000558.SZ,246
000559.SZ,247
000560.SZ,248
000561.SZ,249
000562.SZ,250
000563.SZ,251
000564.SZ,252
000565.SZ,253
000566.SZ,254
000567.SZ,255
000568.SZ,256
000570.SZ,258
000571.SZ,260
000572.SZ,261
000573.SZ,262
000576.SZ,263
000581.SZ,265
000582.SZ,267
000584.SZ,269
000585.SZ,270
000586.SZ,272
000587.SZ,273
000589.SZ,275
000590.SZ,276
000591.SZ,277
000592.SZ,278
000593.SZ,279
000594.SZ,280
000595.SZ,281
000596.SZ,282
000597.SZ,284
000598.SZ,285
000599.SZ,286
000600.SZ,287
000601.SZ,288
000603.SZ,290
000605.SZ,291
000606.SZ,292
000607.SZ,293
000608.SZ,294
000609.SZ,295
000610.SZ,296
000611.SZ,297
000612.SZ,298
000613.SZ,299
000615.SZ,301
000616.SZ,302
000617.SZ,303
000619.SZ,306
000620.SZ,307
000622.SZ,309
000623.SZ,310
000625.SZ,311
000626.SZ,313
000627.SZ,314
000628.SZ,315
000629.SZ,316
000630.SZ,318
000631.SZ,320
000632.SZ,321
000633.SZ,322
000635.SZ,323
000636.SZ,324
000637.SZ,325
000638.SZ,326
000639.SZ,327
000650.SZ,328
000651.SZ,329
000652.SZ,330
000655.SZ,332
000656.SZ,333
000657.SZ,334
000659.SZ,336
000661.SZ,338
000662.SZ,339
000663.SZ,340
000665.SZ,341
000666.SZ,342
000667.SZ,344
000668.SZ,345
000669.SZ,346
000670.SZ,347
000671.SZ,348
000672.SZ,349
000673.SZ,350
000676.SZ,352
000677.SZ,353
000678.SZ,354
000679.SZ,355
000680.SZ,356
000681.SZ,357
000682.SZ,358
000683.SZ,359
000685.SZ,360
000686.SZ,361
000687.SZ,362
000688.SZ,363
000690.SZ,365
000691.SZ,366
000692.SZ,367
000693.SZ,368
000695.SZ,369
000697.SZ,373
000698.SZ,374
000700.SZ,376
000701.SZ,377
000702.SZ,378
000703.SZ,379
000705.SZ,380
000707.SZ,381
000708.SZ,382
000709.SZ,383
000710.SZ,384
000711.SZ,385
000712.SZ,386
000713.SZ,387
000715.SZ,388
000716.SZ,389
000717.SZ,390
000718.SZ,391
000719.SZ,392
000720.SZ,393
000721.SZ,394
000722.SZ,395
000723.SZ,396
000725.SZ,397
000726.SZ,399
000727.SZ,401
000728.SZ,402
000729.SZ,403
000731.SZ,406
000732.SZ,407
000733.SZ,408
000735.SZ,409
000736.SZ,410
000737.SZ,411
000738.SZ,412
000739.SZ,413
000748.SZ,414
000750.SZ,415
000751.SZ,416
000752.SZ,417
000753.SZ,418
000755.SZ,419
000756.SZ,420
000757.SZ,422
000758.SZ,423
000759.SZ,424
000760.SZ,425
000761.SZ,426
000762.SZ,428
000766.SZ,431
000767.SZ,432
000768.SZ,433
000776.SZ,435
000777.SZ,436
000778.SZ,437
000779.SZ,438
000780.SZ,439
000782.SZ,440
000783.SZ,441
000785.SZ,442
000786.SZ,443
000788.SZ,445
000789.SZ,446
000790.SZ,447
000791.SZ,448
000792.SZ,449
000793.SZ,450
000795.SZ,451
000796.SZ,452
000797.SZ,453
000798.SZ,454
000799.SZ,455
000800.SZ,456
000801.SZ,457
000802.SZ,458
000803.SZ,459
000806.SZ,461
000807.SZ,462
000809.SZ,463
000810.SZ,464
000811.SZ,465
000812.SZ,466
000813.SZ,467
000815.SZ,468
000816.SZ,469
000818.SZ,471
000819.SZ,472
000820.SZ,473
000821.SZ,474
000822.SZ,475
000823.SZ,476
000825.SZ,477
000826.SZ,478
000828.SZ,480
000829.SZ,481
000830.SZ,482
000831.SZ,483
000833.SZ,485
000835.SZ,486
000836.SZ,487
000837.SZ,488
000838.SZ,489
000839.SZ,490
000848.SZ,491
000850.SZ,492
000851.SZ,493
000852.SZ,494
000856.SZ,495
000858.SZ,496
000859.SZ,497
000860.SZ,498
000861.SZ,499
000862.SZ,500
000863.SZ,501
000868.SZ,503
000869.SZ,504
000875.SZ,506
000876.SZ,507
000877.SZ,508
000878.SZ,509
000880.SZ,510
000881.SZ,511
000882.SZ,512
000883.SZ,513
000885.SZ,514
000886.SZ,515
000887.SZ,516
000888.SZ,517
000889.SZ,518
000890.SZ,519
000892.SZ,520
000893.SZ,521
000895.SZ,522
000897.SZ,526
000898.SZ,527
000899.SZ,530
000900.SZ,531
000901.SZ,532
000902.SZ,533
000903.SZ,534
000905.SZ,535
000906.SZ,536
000908.SZ,537
000909.SZ,538
000910.SZ,539
000911.SZ,540
000912.SZ,541
000913.SZ,542
000915.SZ,543
000916.SZ,544
000917.SZ,545
000918.SZ,546
000919.SZ,547
000920.SZ,548
000921.SZ,549
000922.SZ,551
000923.SZ,552
000925.SZ,553
000926.SZ,554
000927.SZ,555
000928.SZ,556
000929.SZ,557
000930.SZ,558
000931.SZ,560
000932.SZ,561
000933.SZ,562
000935.SZ,563
000936.SZ,564
000937.SZ,566
000938.SZ,567
000939.SZ,568
000948.SZ,569
000949.SZ,570
000950.SZ,571
000951.SZ,572
000952.SZ,573
000953.SZ,574
000955.SZ,575
000957.SZ,577
000958.SZ,578
000959.SZ,579
000960.SZ,581
000961.SZ,582
000962.SZ,583
000963.SZ,584
000965.SZ,585
000966.SZ,586
000967.SZ,587
000968.SZ,588
000969.SZ,589
000970.SZ,590
000971.SZ,591
000972.SZ,592
000973.SZ,593
000975.SZ,594
000976.SZ,595
000977.SZ,596
000978.SZ,597
000979.SZ,598
000980.SZ,599
000981.SZ,600
000982.SZ,601
000983.SZ,602
000985.SZ,603
000987.SZ,604
000988.SZ,605
000989.SZ,606
000990.SZ,607
000993.SZ,609
000995.SZ,610
000996.SZ,611
000997.SZ,612
000998.SZ,613
000999.SZ,614
001201.SZ,157881
001202.SZ,304056
001203.SZ,17076
001205.SZ,306120
001206.SZ,298801
001207.SZ,304020
001208.SZ,306144
001209.SZ,306148
001210.SZ,142705
001211.SZ,306141
001212.SZ,306129
001213.SZ,306121
001215.SZ,304013
001216.SZ,389371
001217.SZ,306134
001218.SZ,81846
001219.SZ,306125
001226.SZ,382725
001227.SZ,85486
001228.SZ,381444
001234.SZ,337710
001266.SZ,381458
001267.SZ,410316
001268.SZ,373189
001270.SZ,383712
001288.SZ,306143
001289.SZ,426032
001296.SZ,151403
001308.SZ,381456
001309.SZ,381194
001313.SZ,208769
001316.SZ,383711
001317.SZ,337709
001318.SZ,381418
001319.SZ,383732
001323.SZ,381441
001696.SZ,372
001872.SZ,58
001896.SZ,525
001914.SZ,87
001965.SZ,157316
001979.SZ,65471
002001.SZ,615
002002.SZ,2674
002003.SZ,2676
002004.SZ,2678
002005.SZ,2680
002006.SZ,2682
002007.SZ,2684
002008.SZ,2686
002009.SZ,2688
002010.SZ,2690
002011.SZ,2692
002012.SZ,2694
002013.SZ,2696
002014.SZ,2698
002015.SZ,2700
002016.SZ,2702
002017.SZ,2643
002018.SZ,2705
002019.SZ,2707
002020.SZ,2709
002021.SZ,2711
002022.SZ,2713
002023.SZ,2715
002024.SZ,2717
002025.SZ,2719
002026.SZ,2721
002027.SZ,2723
002028.SZ,2725
002029.SZ,2727
002030.SZ,2729
002031.SZ,2731
002032.SZ,2733
002033.SZ,2735
002034.SZ,2737
002035.SZ,2739
002036.SZ,2741
002037.SZ,2743
002038.SZ,2745
002039.SZ,3062
002040.SZ,3081
002041.SZ,3118
002042.SZ,3134
002043.SZ,3136
002044.SZ,3151
002045.SZ,3157
002046.SZ,3234
002047.SZ,3244
002048.SZ,3248
002049.SZ,3252
002050.SZ,3290
002051.SZ,4326
002052.SZ,4347
002053.SZ,4351
002054.SZ,4402
002055.SZ,4423
002056.SZ,4427
002057.SZ,4435
002058.SZ,4437
002059.SZ,4444
002060.SZ,4459
002061.SZ,4493
002062.SZ,4497
002063.SZ,4499
002064.SZ,4503
002065.SZ,4506
002066.SZ,4511
002067.SZ,4569
002068.SZ,4572
002069.SZ,4594
002070.SZ,4604
002071.SZ,4615
002072.SZ,4619
002073.SZ,4687
002074.SZ,4699
002075.SZ,4721
002076.SZ,4722
002077.SZ,4774
002078.SZ,4772
002079.SZ,4771
002080.SZ,4791
002081.SZ,4792
002082.SZ,4793
002083.SZ,4812
002084.SZ,4813
002085.SZ,4815
002086.SZ,4816
002087.SZ,4833
002088.SZ,4834
002089.SZ,4835
002090.SZ,4851
002091.SZ,4852
002092.SZ,4853
002093.SZ,4877
002094.SZ,4876
002095.SZ,4875
002096.SZ,4883
002097.SZ,4882
002098.SZ,4884
002099.SZ,4880
002100.SZ,4881
002101.SZ,4879
002102.SZ,4878
002103.SZ,4901
002104.SZ,4908
002105.SZ,4902
002106.SZ,4931
002107.SZ,4947
002108.SZ,4930
002109.SZ,4934
002110.SZ,4909
002111.SZ,4948
002112.SZ,4972
002113.SZ,4991
002114.SZ,4985
002115.SZ,4986
002116.SZ,5002
002117.SZ,5003
002118.SZ,5147
002119.SZ,5159
002120.SZ,4990
002121.SZ,4971
002122.SZ,5199
002123.SZ,5185
002124.SZ,5171
002125.SZ,5191
002126.SZ,5245
002127.SZ,5278
002128.SZ,5317
002129.SZ,5264
002130.SZ,5263
002131.SZ,5279
002132.SZ,5285
002133.SZ,5311
002134.SZ,5300
002135.SZ,5301
002136.SZ,5310
002137.SZ,5481
002138.SZ,5483
002139.SZ,5357
002140.SZ,5544
002141.SZ,5673
002142.SZ,5684
002143.SZ,5666
002144.SZ,5665
002145.SZ,5773
002146.SZ,5701
002147.SZ,5722
002148.SZ,5703
002149.SZ,5709
002150.SZ,5707
002151.SZ,5734
002152.SZ,5708
002153.SZ,5690
002154.SZ,6013
002155.SZ,5733
002156.SZ,5735
002157.SZ,5723
002158.SZ,5775
002159.SZ,5702
002160.SZ,6010
002161.SZ,6011
002162.SZ,6019
002163.SZ,6020
002164.SZ,6018
002165.SZ,6046
002166.SZ,6048
002167.SZ,6029
002168.SZ,5776
002169.SZ,6021
002170.SZ,5522
002171.SZ,6031
002172.SZ,6095
002173.SZ,6115
002174.SZ,6103
002175.SZ,6030
002176.SZ,6139
002177.SZ,6152
002178.SZ,6186
002179.SZ,6151
002180.SZ,6178
002181.SZ,1088
002182.SZ,6201
002183.SZ,6196
002184.SZ,6202
002185.SZ,6197
002186.SZ,6254
002187.SZ,6235
002188.SZ,6234
002189.SZ,6232
002190.SZ,6333
002191.SZ,6334
002192.SZ,6047
002193.SZ,6285
002194.SZ,6336
002195.SZ,6337
002196.SZ,6281
002197.SZ,6374
002198.SZ,6363
002199.SZ,6354
002200.SZ,6353
002201.SZ,6392
002202.SZ,6411
002203.SZ,6404
002204.SZ,6432
002205.SZ,6446
002206.SZ,6478
002207.SZ,6471
002208.SZ,6284
002209.SZ,6487
002210.SZ,6511
002211.SZ,6534
002212.SZ,6546
002213.SZ,6535
002214.SZ,6581
002215.SZ,6557
002216.SZ,6547
002217.SZ,6583
002218.SZ,6584
002219.SZ,6619
002220.SZ,6604
002221.SZ,6603
002222.SZ,6598
002223.SZ,6709
002224.SZ,6618
002225.SZ,6710
002226.SZ,6582
002227.SZ,6731
002228.SZ,6730
002229.SZ,6788
002230.SZ,6735
002231.SZ,6782
002232.SZ,6781
002233.SZ,6814
002234.SZ,6808
002235.SZ,6757
002236.SZ,6816
002237.SZ,6736
002238.SZ,6835
002239.SZ,6834
002240.SZ,6828
002241.SZ,6857
002242.SZ,6855
002243.SZ,6815
002244.SZ,6732
002245.SZ,6856
002246.SZ,6809
002247.SZ,6833
002248.SZ,6879
002249.SZ,6787
002250.SZ,6943
002251.SZ,6890
002252.SZ,6827
002253.SZ,6807
002254.SZ,6012
002255.SZ,6925
002256.SZ,6907
002258.SZ,6942
002259.SZ,6930
002260.SZ,6941
002261.SZ,6924
002262.SZ,6933
002263.SZ,6880
002264.SZ,6940
002265.SZ,6826
002266.SZ,7078
002267.SZ,7034
002268.SZ,7054
002269.SZ,7072
002270.SZ,7073
002271.SZ,7055
002272.SZ,7076
002273.SZ,7094
002274.SZ,6889
002275.SZ,7079
002276.SZ,7116
002277.SZ,7144
002278.SZ,7174
002279.SZ,4602
002280.SZ,7197
002281.SZ,7212
002282.SZ,7118
002283.SZ,7120
002284.SZ,7119
002285.SZ,7211
002286.SZ,7231
002287.SZ,7230
002288.SZ,7242
002289.SZ,7243
002290.SZ,7249
002291.SZ,7301
002292.SZ,7309
002293.SZ,7325
002294.SZ,7328
002295.SZ,7268
002296.SZ,7267
002297.SZ,7359
002298.SZ,8969
002299.SZ,8991
002300.SZ,7302
002301.SZ,8994
002302.SZ,9037
002303.SZ,9082
002304.SZ,9033
002305.SZ,9081
002306.SZ,9034
002307.SZ,9039
002308.SZ,9093
002309.SZ,9142
002310.SZ,9112
002311.SZ,9159
002312.SZ,9173
002313.SZ,9185
002314.SZ,9216
002315.SZ,9080
002316.SZ,9225
002317.SZ,9272
002318.SZ,9258
002319.SZ,9273
002320.SZ,9366
002321.SZ,9297
002322.SZ,9394
002323.SZ,9399
002324.SZ,9393
002325.SZ,9309
002326.SZ,9400
002327.SZ,9259
002328.SZ,9345
002329.SZ,9426
002330.SZ,9425
002331.SZ,9310
002332.SZ,9459
002333.SZ,9458
002334.SZ,9487
002335.SZ,9499
002336.SZ,9488
002337.SZ,9497
002338.SZ,9504
002339.SZ,9540
002340.SZ,9534
002341.SZ,9541
002342.SZ,9574
002343.SZ,9586
002344.SZ,9549
002345.SZ,9587
002346.SZ,9593
002347.SZ,9594
002348.SZ,9626
002349.SZ,9637
002350.SZ,9075
002351.SZ,9642
002352.SZ,9643
002353.SZ,9680
002354.SZ,9691
002355.SZ,9679
002356.SZ,9226
002357.SZ,9784
002358.SZ,9771
002359.SZ,9705
002360.SZ,9856
002361.SZ,9867
002362.SZ,7121
002363.SZ,9937
002364.SZ,9857
002365.SZ,9036
002366.SZ,9865
002367.SZ,9864
002368.SZ,9882
002369.SZ,9844
002370.SZ,9795
002371.SZ,9892
002372.SZ,9901
002373.SZ,9898
002374.SZ,9883
002375.SZ,9796
002376.SZ,9916
002377.SZ,9997
002378.SZ,9925
002379.SZ,9939
002380.SZ,9899
002381.SZ,9627
002382.SZ,9971
002383.SZ,9936
002384.SZ,9995
002385.SZ,9994
002386.SZ,9996
002387.SZ,10071
002388.SZ,10034
002389.SZ,10073
002390.SZ,10094
002391.SZ,10098
002392.SZ,9983
002393.SZ,10018
002394.SZ,10017
002395.SZ,10072
002396.SZ,7095
002397.SZ,9917
002398.SZ,10093
002399.SZ,10104
002400.SZ,10277
002401.SZ,10275
002402.SZ,10300
002403.SZ,10299
002404.SZ,10291
002405.SZ,10298
002406.SZ,10292
002407.SZ,10069
002408.SZ,10106
002409.SZ,10301
002410.SZ,10105
002411.SZ,10326
002412.SZ,10324
002413.SZ,10347
002414.SZ,10346
002415.SZ,10345
002416.SZ,10344
002417.SZ,10376
002418.SZ,10399
002419.SZ,7403
002420.SZ,10400
002421.SZ,9972
002422.SZ,10419
002423.SZ,10458
002424.SZ,10461
002425.SZ,10377
002426.SZ,10476
002427.SZ,10478
002428.SZ,10459
002429.SZ,10523
002430.SZ,10492
002431.SZ,10483
002432.SZ,10522
002433.SZ,10375
002434.SZ,10532
002435.SZ,10550
002436.SZ,10533
002437.SZ,10579
002438.SZ,7397
002439.SZ,10629
002440.SZ,10551
002441.SZ,10654
002442.SZ,10460
002443.SZ,10580
002444.SZ,10693
002445.SZ,10697
002446.SZ,7394
002447.SZ,10493
002448.SZ,7395
002449.SZ,10704
002450.SZ,10736
002451.SZ,10772
002452.SZ,10810
002453.SZ,10814
002454.SZ,10813
002455.SZ,9785
002456.SZ,10484
002457.SZ,10782
002458.SZ,10766
002459.SZ,10494
002460.SZ,10815
002461.SZ,7184
002462.SZ,10861
002463.SZ,10860
002464.SZ,10868
002465.SZ,11096
002466.SZ,10695
002467.SZ,7391
002468.SZ,11135
002469.SZ,10652
002470.SZ,11170
002471.SZ,11247
002472.SZ,11302
002473.SZ,11253
002474.SZ,9296
002475.SZ,11308
002476.SZ,11169
002477.SZ,11343
002478.SZ,11246
002479.SZ,11342
002480.SZ,11352
002481.SZ,11359
002482.SZ,11398
002483.SZ,11551
002484.SZ,11104
002485.SZ,11397
002486.SZ,11393
002487.SZ,11472
002488.SZ,11443
002489.SZ,8995
002490.SZ,7400
002491.SZ,11524
002492.SZ,10694
002493.SZ,11523
002494.SZ,11606
002495.SZ,11478
002496.SZ,11071
002497.SZ,11577
002498.SZ,11623
002499.SZ,11708
002500.SZ,11399
002501.SZ,11709
002502.SZ,11751
002503.SZ,11811
002504.SZ,11777
002505.SZ,11776
002506.SZ,8970
002507.SZ,11838
002508.SZ,11780
002509.SZ,11810
002510.SZ,11775
002511.SZ,11774
002512.SZ,11895
002513.SZ,11839
002514.SZ,11837
002515.SZ,11883
002516.SZ,11908
002517.SZ,11909
002518.SZ,11516
002519.SZ,11940
002520.SZ,11894
002521.SZ,11428
002522.SZ,11957
002523.SZ,9174
002524.SZ,12021
002526.SZ,12045
002527.SZ,11254
002528.SZ,12022
002529.SZ,10783
002530.SZ,11255
002531.SZ,12064
002532.SZ,12046
002533.SZ,12174
002534.SZ,12062
002535.SZ,12130
002536.SZ,12143
002537.SZ,12182
002538.SZ,9575
002539.SZ,12172
002540.SZ,12086
002541.SZ,12241
002542.SZ,12263
002543.SZ,12292
002544.SZ,12223
002545.SZ,12214
002546.SZ,12302
002547.SZ,12005
002548.SZ,12361
002549.SZ,9772
002550.SZ,12222
002551.SZ,12248
002552.SZ,12294
002553.SZ,12403
002554.SZ,11779
002555.SZ,12360
002556.SZ,12422
002557.SZ,12144
002558.SZ,12358
002559.SZ,12374
002560.SZ,12532
002561.SZ,9535
002562.SZ,12624
002563.SZ,12611
002564.SZ,12625
002565.SZ,12572
002566.SZ,9900
002567.SZ,12121
002568.SZ,12753
002569.SZ,11304
002570.SZ,12243
002571.SZ,12626
002572.SZ,12837
002573.SZ,12881
002574.SZ,12882
002575.SZ,12892
002576.SZ,12883
002577.SZ,12573
002578.SZ,12969
002579.SZ,12813
002580.SZ,12949
002581.SZ,12835
002582.SZ,13193
002583.SZ,13259
002584.SZ,13192
002585.SZ,13296
002586.SZ,13298
002587.SZ,13363
002588.SZ,13374
002589.SZ,13360
002590.SZ,13262
002591.SZ,9646
002592.SZ,13283
002593.SZ,13542
002594.SZ,13527
002595.SZ,11305
002596.SZ,13582
002597.SZ,13649
002598.SZ,13652
002599.SZ,7387
002600.SZ,13604
002601.SZ,13606
002602.SZ,13726
002603.SZ,13827
002604.SZ,13536
002605.SZ,13497
002606.SZ,12020
002607.SZ,13693
002608.SZ,13937
002609.SZ,12131
002610.SZ,14094
002611.SZ,14147
002612.SZ,14174
002613.SZ,10601
002614.SZ,11301
002615.SZ,11491
002616.SZ,14162
002617.SZ,14223
002618.SZ,14037
002619.SZ,14212
002620.SZ,13867
002621.SZ,14211
002622.SZ,10588
002623.SZ,14654
002624.SZ,14206
002625.SZ,14608
002626.SZ,13584
002627.SZ,13934
002628.SZ,14607
002629.SZ,14093
002630.SZ,9984
002631.SZ,14779
002632.SZ,14871
002633.SZ,14780
002634.SZ,14746
002635.SZ,14825
002636.SZ,14697
002637.SZ,14657
002638.SZ,14997
002639.SZ,14945
002640.SZ,14747
002641.SZ,14222
002642.SZ,15050
002643.SZ,11653
002644.SZ,10491
002645.SZ,14946
002646.SZ,14943
002647.SZ,15000
002648.SZ,14872
002649.SZ,15124
002650.SZ,15792
002651.SZ,15063
002652.SZ,15734
002653.SZ,15920
002654.SZ,15917
002655.SZ,15273
002656.SZ,15274
002657.SZ,16014
002658.SZ,16052
002659.SZ,16056
002660.SZ,16049
002661.SZ,16055
002662.SZ,15694
002663.SZ,16006
002664.SZ,15125
002665.SZ,16254
002666.SZ,15864
002667.SZ,15628
002668.SZ,15047
002669.SZ,16051
002670.SZ,16107
002671.SZ,16209
002672.SZ,16005
002673.SZ,14990
002674.SZ,16054
002675.SZ,16120
002676.SZ,16157
002677.SZ,16155
002678.SZ,16453
002679.SZ,16509
002680.SZ,16585
002681.SZ,16668
002682.SZ,16297
002683.SZ,16691
002684.SZ,16761
002685.SZ,16276
002686.SZ,16669
002687.SZ,16581
002688.SZ,15704
002689.SZ,16510
002690.SZ,16431
002691.SZ,16454
002692.SZ,16327
002693.SZ,16762
002694.SZ,16582
002695.SZ,16975
002696.SZ,16255
002697.SZ,17555
002698.SZ,16624
002699.SZ,16275
002700.SZ,17416
002701.SZ,16570
002702.SZ,12120
002703.SZ,17033
002705.SZ,17706
002706.SZ,12373
002707.SZ,17644
002708.SZ,16974
002709.SZ,16967
002711.SZ,16580
002712.SZ,18666
002713.SZ,16892
002714.SZ,17029
002715.SZ,16890
002716.SZ,16891
002717.SZ,14036
002718.SZ,16889
002719.SZ,17414
002721.SZ,17481
002722.SZ,17034
002723.SZ,16893
002724.SZ,18325
002725.SZ,16969
002726.SZ,18326
002727.SZ,16896
002728.SZ,18324
002729.SZ,34842
002730.SZ,34683
002731.SZ,35756
002732.SZ,34686
002733.SZ,34844
002734.SZ,13583
002735.SZ,34802
002736.SZ,36417
002737.SZ,34886
002738.SZ,11781
002739.SZ,34402
002740.SZ,34601
002741.SZ,34829
002742.SZ,34698
002743.SZ,12004
002745.SZ,14213
002746.SZ,16971
002747.SZ,34845
002748.SZ,17693
002749.SZ,34883
002750.SZ,34885
002751.SZ,35478
002752.SZ,16654
002753.SZ,35196
002755.SZ,34873
002756.SZ,9104
002757.SZ,34407
002758.SZ,35259
002759.SZ,35260
002760.SZ,35009
002761.SZ,34684
002762.SZ,34947
002763.SZ,34940
002765.SZ,36475
002766.SZ,34939
002767.SZ,34796
002768.SZ,34677
002769.SZ,12342
002770.SZ,34476
002771.SZ,34750
002772.SZ,35854
002773.SZ,18756
002774.SZ,48134
002775.SZ,34938
002776.SZ,34739
002777.SZ,35757
002778.SZ,13373
002779.SZ,34472
002780.SZ,34828
002781.SZ,34533
002782.SZ,17475
002783.SZ,13496
002785.SZ,36339
002786.SZ,34735
002787.SZ,35057
002788.SZ,35005
002789.SZ,35059
002790.SZ,35195
002791.SZ,34685
002792.SZ,16894
002793.SZ,35055
002795.SZ,35146
002796.SZ,34343
002797.SZ,35436
002798.SZ,34325
002799.SZ,16128
002800.SZ,34400
002801.SZ,34317
002802.SZ,34326
002803.SZ,35792
002805.SZ,11654
002806.SZ,35056
002807.SZ,36720
002808.SZ,10297
002809.SZ,35066
002810.SZ,36479
002811.SZ,35060
002812.SZ,36045
002813.SZ,35563
002815.SZ,17032
002816.SZ,36337
002817.SZ,35068
002818.SZ,34797
002819.SZ,35010
002820.SZ,35700
002821.SZ,35064
002822.SZ,35058
002823.SZ,35610
002824.SZ,36684
002825.SZ,36221
002826.SZ,69313
002827.SZ,66340
002828.SZ,35855
002829.SZ,36003
002830.SZ,14033
002831.SZ,39229
002832.SZ,35067
002833.SZ,38983
002835.SZ,36411
002836.SZ,36682
002837.SZ,40167
002838.SZ,17752
002839.SZ,36716
002840.SZ,38520
002841.SZ,40963
002842.SZ,36683
002843.SZ,17642
002845.SZ,39232
002846.SZ,44405
002847.SZ,44406
002848.SZ,40962
002849.SZ,46505
002850.SZ,42217
002851.SZ,16476
002852.SZ,47131
002853.SZ,45834
002855.SZ,43083
002856.SZ,35859
002857.SZ,40959
002858.SZ,41553
002859.SZ,50470
002860.SZ,50935
002861.SZ,42218
002862.SZ,48499
002863.SZ,51264
002864.SZ,107588
002865.SZ,36681
002866.SZ,61372
002867.SZ,42388
002868.SZ,49874
002869.SZ,51251
002870.SZ,50480
002871.SZ,51249
002872.SZ,51259
002873.SZ,121578
002875.SZ,48131
002876.SZ,51257
002877.SZ,61376
002878.SZ,49336
002879.SZ,61398
002880.SZ,61380
002881.SZ,74486
002882.SZ,49873
002883.SZ,64863
002884.SZ,61421
002885.SZ,73638
002886.SZ,61396
002887.SZ,65447
002888.SZ,72865
002889.SZ,11695
002890.SZ,66349
002891.SZ,77932
002892.SZ,82546
002893.SZ,61409
002895.SZ,80734
002896.SZ,84782
002897.SZ,80731
002898.SZ,74489
002899.SZ,84779
002900.SZ,61379
002901.SZ,80735
002902.SZ,50931
002903.SZ,84778
002905.SZ,18626
002906.SZ,48941
002907.SZ,86699
002908.SZ,85476
002909.SZ,65463
002910.SZ,105558
002911.SZ,13935
002912.SZ,85483
002913.SZ,95309
002915.SZ,95300
002916.SZ,109081
002917.SZ,106663
002918.SZ,83993
002919.SZ,84772
002920.SZ,82547
002921.SZ,84776
002922.SZ,90620
002923.SZ,35475
002925.SZ,96036
002926.SZ,50944
002927.SZ,131816
002928.SZ,111443
002929.SZ,159411
002930.SZ,161248
002931.SZ,130067
002932.SZ,159816
002933.SZ,176603
002935.SZ,61375
002936.SZ,106660
002937.SZ,133831
002938.SZ,152209
002939.SZ,95302
002940.SZ,133824
002941.SZ,135809
002942.SZ,133801
002943.SZ,148498
002945.SZ,96038
002946.SZ,146461
002947.SZ,146464
002948.SZ,106209
002949.SZ,155238
002950.SZ,154560
002951.SZ,157887
002952.SZ,146460
002953.SZ,42581
002955.SZ,180207
002956.SZ,158974
002957.SZ,159828
002958.SZ,99435
002959.SZ,177196
002960.SZ,41178
002961.SZ,48142
002962.SZ,174214
002963.SZ,180966
002965.SZ,51720
002966.SZ,104419
002967.SZ,147230
002968.SZ,181719
002969.SZ,181708
002970.SZ,83988
002971.SZ,194040
002972.SZ,196103
002973.SZ,180968
002975.SZ,206558
002976.SZ,208767
002977.SZ,196106
002978.SZ,121569
002979.SZ,35145
002980.SZ,199620
002981.SZ,126736
002982.SZ,163427
002983.SZ,208773
002984.SZ,174215
002985.SZ,207761
002986.SZ,223973
002987.SZ,222199
002988.SZ,225172
002989.SZ,109080
002990.SZ,229597
002991.SZ,225175
002992.SZ,133791
002993.SZ,222201
002995.SZ,119687
002996.SZ,147667
002997.SZ,230763
002998.SZ,229618
002999.SZ,92964
003000.SZ,235354
003001.SZ,231882
003002.SZ,48136
003003.SZ,125259
003004.SZ,156658
003005.SZ,236901
003006.SZ,69311
003007.SZ,236906
003008.SZ,220629
003009.SZ,227687
003010.SZ,141717
003011.SZ,236894
003012.SZ,143898
003013.SZ,233866
003015.SZ,238169
003016.SZ,35609
003017.SZ,238176
003018.SZ,238186
003019.SZ,233868
003020.SZ,49877
003021.SZ,230765
003022.SZ,233876
003023.SZ,236905
003025.SZ,51694
003026.SZ,236909
003027.SZ,229614
003028.SZ,236923
003029.SZ,238172
003030.SZ,239349
003031.SZ,253380
003032.SZ,229604
003033.SZ,83995
003035.SZ,287609
003036.SZ,84768
003037.SZ,271750
003038.SZ,298800
003039.SZ,255771
003040.SZ,295295
003041.SZ,348386
003042.SZ,302467
003043.SZ,181716
003816.SZ,180970
300001.SZ,9308
300002.SZ,7386
300003.SZ,9313
300004.SZ,9311
300005.SZ,9323
300006.SZ,9314
300007.SZ,9319
300008.SZ,9312
300009.SZ,9321
300010.SZ,9307
300011.SZ,9322
300012.SZ,9349
300013.SZ,9324
300014.SZ,9320
300015.SZ,9358
300016.SZ,4575
300017.SZ,9357
300018.SZ,9351
300019.SZ,9359
300020.SZ,9360
300021.SZ,9364
300022.SZ,9362
300023.SZ,9347
300024.SZ,9363
300025.SZ,9389
300026.SZ,9388
300027.SZ,9387
300028.SZ,9361
300029.SZ,9688
300030.SZ,9703
300031.SZ,9571
300032.SZ,9635
300033.SZ,9365
300034.SZ,9634
300035.SZ,9700
300036.SZ,9702
300037.SZ,9783
300038.SZ,9781
300039.SZ,9863
300040.SZ,9852
300041.SZ,9780
300042.SZ,9888
300043.SZ,9929
300044.SZ,9927
300045.SZ,9889
300046.SZ,9928
300047.SZ,9891
300048.SZ,9897
300049.SZ,9890
300050.SZ,9926
300051.SZ,9982
300052.SZ,9998
300053.SZ,10036
300054.SZ,9999
300055.SZ,10038
300056.SZ,10039
300057.SZ,10037
300058.SZ,10040
300059.SZ,10296
300061.SZ,10337
300062.SZ,10349
300063.SZ,10395
300064.SZ,10397
300065.SZ,10396
300066.SZ,10351
300067.SZ,10538
300068.SZ,10398
300069.SZ,10537
300070.SZ,10496
300071.SZ,9356
300072.SZ,10535
300073.SZ,10495
300074.SZ,10603
300075.SZ,10591
300076.SZ,10534
300077.SZ,10650
300078.SZ,10602
300079.SZ,10604
300080.SZ,10590
300081.SZ,10734
300082.SZ,10651
300083.SZ,10605
300084.SZ,10692
300085.SZ,10817
300086.SZ,10700
300087.SZ,10350
300088.SZ,10779
300089.SZ,10880
300090.SZ,10780
300091.SZ,10733
300092.SZ,11043
300093.SZ,10864
300094.SZ,10879
300095.SZ,11001
300096.SZ,10781
300097.SZ,10835
300098.SZ,10348
300099.SZ,10863
300100.SZ,11044
300101.SZ,10701
300102.SZ,11073
300103.SZ,11072
300104.SZ,11136
300105.SZ,10536
300106.SZ,11215
300107.SZ,11194
300108.SZ,11250
300109.SZ,11239
300110.SZ,11137
300111.SZ,11240
300112.SZ,11220
300113.SZ,11218
300114.SZ,11219
300115.SZ,11249
300116.SZ,11238
300117.SZ,11242
300118.SZ,11231
300119.SZ,11377
300120.SZ,11315
300121.SZ,11376
300122.SZ,11435
300123.SZ,11434
300124.SZ,10882
300125.SZ,11392
300126.SZ,11109
300127.SZ,11502
300128.SZ,11316
300129.SZ,11230
300130.SZ,11572
300131.SZ,11614
300132.SZ,11625
300133.SZ,11229
300134.SZ,11571
300135.SZ,11573
300136.SZ,11672
300137.SZ,11624
300138.SZ,11671
300139.SZ,9572
300140.SZ,11758
300141.SZ,11757
300142.SZ,11697
300143.SZ,11821
300144.SZ,11820
300145.SZ,11892
300146.SZ,11964
300147.SZ,12036
300148.SZ,11893
300149.SZ,11965
300150.SZ,4031
300151.SZ,12014
300152.SZ,10933
300153.SZ,12037
300154.SZ,11782
300155.SZ,12013
300156.SZ,11248
300157.SZ,11949
300158.SZ,11907
300159.SZ,12127
300160.SZ,12142
300161.SZ,12077
300162.SZ,12076
300163.SZ,12141
300164.SZ,12140
300165.SZ,12128
300166.SZ,12180
300167.SZ,12181
300168.SZ,11906
300169.SZ,12075
300170.SZ,12177
300171.SZ,12197
300172.SZ,12196
300173.SZ,11138
300174.SZ,12179
300175.SZ,12199
300176.SZ,12251
300177.SZ,12249
300178.SZ,12250
300179.SZ,10834
300180.SZ,12200
300181.SZ,12264
300182.SZ,12306
300183.SZ,12289
300184.SZ,12305
300185.SZ,12421
300186.SZ,12409
300187.SZ,12419
300188.SZ,12407
300189.SZ,12584
300190.SZ,12470
300191.SZ,12126
300192.SZ,12583
300193.SZ,12288
300194.SZ,12198
300195.SZ,12408
300196.SZ,12418
300197.SZ,12290
300198.SZ,12406
300199.SZ,12618
300200.SZ,12619
300201.SZ,12785
300202.SZ,12894
300203.SZ,12357
300204.SZ,12613
300205.SZ,12404
300206.SZ,12895
300207.SZ,12972
300208.SZ,12911
300209.SZ,12912
300210.SZ,12910
300211.SZ,12582
300212.SZ,12981
300213.SZ,6338
300214.SZ,12614
300215.SZ,13207
300216.SZ,12287
300217.SZ,13226
300218.SZ,13051
300219.SZ,13209
300220.SZ,12405
300221.SZ,13230
300222.SZ,13225
300223.SZ,12129
300224.SZ,13285
300225.SZ,13206
300226.SZ,13292
300227.SZ,13284
300228.SZ,13286
300229.SZ,12371
300230.SZ,13336
300231.SZ,13282
300232.SZ,13337
300233.SZ,13367
300234.SZ,13338
300235.SZ,10691
300236.SZ,13369
300237.SZ,13370
300238.SZ,10699
300239.SZ,13541
300240.SZ,13293
300241.SZ,13661
300242.SZ,13659
300243.SZ,13732
300244.SZ,13742
300245.SZ,11004
300246.SZ,13833
300247.SZ,9701
300248.SZ,13829
300249.SZ,13291
300250.SZ,13832
300251.SZ,13884
300252.SZ,13990
300253.SZ,10878
300254.SZ,13943
300255.SZ,13954
300256.SZ,13944
300257.SZ,13208
300258.SZ,13660
300259.SZ,14048
300260.SZ,13989
300261.SZ,14130
300262.SZ,14171
300263.SZ,14160
300264.SZ,10000
300265.SZ,14040
300266.SZ,14224
300267.SZ,14047
300268.SZ,14159
300269.SZ,14128
300270.SZ,14172
300271.SZ,4581
300272.SZ,10778
300273.SZ,14129
300274.SZ,14500
300275.SZ,14557
300276.SZ,14782
300277.SZ,9981
300278.SZ,14745
300279.SZ,14918
300280.SZ,14783
300281.SZ,14954
300282.SZ,12893
300283.SZ,14556
300284.SZ,14105
300285.SZ,14953
300286.SZ,15001
300287.SZ,15120
300288.SZ,15013
300289.SZ,15691
300290.SZ,15121
300291.SZ,15733
300292.SZ,15799
300293.SZ,14827
300294.SZ,14161
300295.SZ,15002
300296.SZ,15937
300297.SZ,15784
300298.SZ,15272
300299.SZ,16183
300300.SZ,16047
300301.SZ,15936
300302.SZ,16160
300303.SZ,14060
300304.SZ,15984
300305.SZ,11195
300306.SZ,15986
300307.SZ,15907
300308.SZ,16161
300309.SZ,15935
300310.SZ,15906
300311.SZ,16121
300312.SZ,16173
300313.SZ,16100
300314.SZ,16101
300315.SZ,16175
300316.SZ,16375
300317.SZ,16172
300318.SZ,5198
300319.SZ,16376
300320.SZ,16099
300321.SZ,10970
300322.SZ,16500
300323.SZ,16647
300324.SZ,15067
300325.SZ,11822
300326.SZ,16011
300327.SZ,16117
300328.SZ,16596
300329.SZ,11576
300330.SZ,16163
300331.SZ,11783
300332.SZ,16595
300333.SZ,16504
300334.SZ,16527
300335.SZ,16651
300336.SZ,16511
300337.SZ,16579
300338.SZ,16569
300339.SZ,16502
300340.SZ,12356
300341.SZ,16665
300342.SZ,16488
300343.SZ,16745
300344.SZ,16616
300345.SZ,12420
300346.SZ,16716
300347.SZ,16658
300348.SZ,16567
300349.SZ,16597
300350.SZ,15076
300351.SZ,17477
300352.SZ,16958
300353.SZ,7905
300354.SZ,17239
300355.SZ,17479
300356.SZ,17063
300357.SZ,17595
300358.SZ,15905
300359.SZ,18552
300360.SZ,17594
300362.SZ,16717
300363.SZ,17655
300364.SZ,35643
300365.SZ,18458
300366.SZ,12786
300367.SZ,17240
300368.SZ,17506
300369.SZ,17092
300370.SZ,7245
300371.SZ,16887
300372.SZ,12980
300373.SZ,17656
300374.SZ,34834
300375.SZ,12581
300376.SZ,18285
300377.SZ,17750
300378.SZ,18754
300379.SZ,18551
300380.SZ,18426
300381.SZ,13294
300382.SZ,16976
300383.SZ,16764
300384.SZ,34740
300385.SZ,17821
300386.SZ,18677
300387.SZ,18753
300388.SZ,17408
300389.SZ,16888
300390.SZ,18815
300391.SZ,17751
300392.SZ,35105
300393.SZ,34401
300394.SZ,36649
300395.SZ,35511
300396.SZ,17507
300397.SZ,16566
300398.SZ,34703
300399.SZ,18553
300400.SZ,16503
300401.SZ,11613
300402.SZ,13050
300403.SZ,17508
300404.SZ,35749
300405.SZ,18721
300406.SZ,34747
300407.SZ,34840
300408.SZ,36713
300409.SZ,34594
300410.SZ,35476
300411.SZ,34466
300412.SZ,36179
300413.SZ,36710
300414.SZ,35370
300415.SZ,34596
300416.SZ,35841
300417.SZ,34598
300418.SZ,34835
300419.SZ,18287
300420.SZ,35615
300421.SZ,34403
300422.SZ,36047
300423.SZ,35844
300424.SZ,34892
300425.SZ,35371
300426.SZ,36474
300427.SZ,36594
300428.SZ,36408
300429.SZ,34837
300430.SZ,34405
300431.SZ,35846
300432.SZ,35019
300433.SZ,35106
300434.SZ,36482
300435.SZ,34328
300436.SZ,34469
300437.SZ,34593
300438.SZ,34404
300439.SZ,36524
300440.SZ,34838
300441.SZ,34760
300442.SZ,35754
300443.SZ,34702
300444.SZ,7920
300445.SZ,7766
300446.SZ,36566
300447.SZ,35614
300448.SZ,34764
300449.SZ,34701
300450.SZ,36560
300451.SZ,36641
300452.SZ,34599
300453.SZ,35435
300454.SZ,138468
300455.SZ,34699
300456.SZ,35791
300457.SZ,36638
300458.SZ,36709
300459.SZ,36635
300460.SZ,35372
300461.SZ,35840
300462.SZ,35107
300463.SZ,34696
300464.SZ,34891
300465.SZ,34893
300466.SZ,34874
300467.SZ,34595
300468.SZ,35842
300469.SZ,34875
300470.SZ,35305
300471.SZ,34960
300472.SZ,34961
300473.SZ,35883
300474.SZ,35885
300475.SZ,34406
300476.SZ,34320
300477.SZ,6193
300478.SZ,34959
300479.SZ,34889
300480.SZ,34952
300481.SZ,36711
300482.SZ,35921
300483.SZ,15693
300484.SZ,35018
300485.SZ,35747
300486.SZ,34955
300487.SZ,36636
300488.SZ,36484
300489.SZ,34958
300490.SZ,34956
300491.SZ,34336
300492.SZ,34888
300493.SZ,36596
300494.SZ,34957
300495.SZ,34890
300496.SZ,35012
300497.SZ,35922
300498.SZ,59826
300499.SZ,36052
300500.SZ,35194
300501.SZ,34591
300502.SZ,36563
300503.SZ,36095
300504.SZ,40164
300505.SZ,34468
300506.SZ,35432
300507.SZ,17077
300508.SZ,36178
300509.SZ,36051
300510.SZ,35612
300511.SZ,34762
300512.SZ,35108
300513.SZ,34763
300514.SZ,64200
300515.SZ,36657
300516.SZ,35616
300517.SZ,35232
300518.SZ,35431
300519.SZ,35304
300520.SZ,35696
300521.SZ,34341
300522.SZ,35016
300523.SZ,34697
300525.SZ,36222
300526.SZ,35011
300527.SZ,34321
300528.SZ,35758
300529.SZ,34841
300530.SZ,34597
300531.SZ,36226
300532.SZ,15692
300533.SZ,35433
300534.SZ,35052
300535.SZ,35051
300536.SZ,34467
300537.SZ,35845
300538.SZ,36652
300539.SZ,36483
300540.SZ,36660
300541.SZ,36664
300542.SZ,36049
300543.SZ,36224
300545.SZ,36223
300546.SZ,17749
300547.SZ,35015
300548.SZ,36640
300549.SZ,36000
300550.SZ,36647
300551.SZ,36653
300552.SZ,34836
300553.SZ,36658
300554.SZ,65458
300555.SZ,35014
300556.SZ,36651
300557.SZ,37960
300558.SZ,36661
300559.SZ,35053
300560.SZ,36645
300561.SZ,36646
300562.SZ,39226
300563.SZ,38762
300564.SZ,36644
300565.SZ,39227
300566.SZ,40418
300567.SZ,40419
300568.SZ,45130
300569.SZ,36654
300570.SZ,36227
300571.SZ,42386
300572.SZ,35843
300573.SZ,36407
300575.SZ,39865
300576.SZ,43093
300577.SZ,48152
300578.SZ,42385
300579.SZ,34342
300580.SZ,42380
300581.SZ,43092
300582.SZ,37729
300583.SZ,49871
300584.SZ,51695
300585.SZ,50932
300586.SZ,36002
300587.SZ,39621
300588.SZ,51252
300589.SZ,50481
300590.SZ,51253
300591.SZ,51701
300592.SZ,44407
300593.SZ,48150
300594.SZ,155242
300595.SZ,51693
300596.SZ,34338
300597.SZ,43088
300598.SZ,42387
300599.SZ,51696
300600.SZ,36001
300601.SZ,50929
300602.SZ,51691
300603.SZ,61457
300604.SZ,65452
300605.SZ,51700
300606.SZ,42219
300607.SZ,105741
300608.SZ,51705
300609.SZ,61432
300610.SZ,51679
300611.SZ,61431
300612.SZ,50938
300613.SZ,51254
300614.SZ,238164
300615.SZ,41179
300616.SZ,51256
300617.SZ,46499
300618.SZ,51255
300619.SZ,42220
300620.SZ,61446
300621.SZ,61437
300622.SZ,61430
300623.SZ,38519
300624.SZ,38982
300625.SZ,61436
300626.SZ,61442
300627.SZ,61440
300628.SZ,61448
300629.SZ,49870
300630.SZ,61465
300631.SZ,36655
300632.SZ,114403
300633.SZ,61447
300634.SZ,109806
300635.SZ,61458
300636.SZ,61462
300637.SZ,61456
300638.SZ,51690
300639.SZ,51703
300640.SZ,73646
300641.SZ,65450
300642.SZ,65453
300643.SZ,64192
300644.SZ,130070
300645.SZ,51678
300647.SZ,47534
300648.SZ,63490
300649.SZ,65457
300650.SZ,64201
300651.SZ,65456
300652.SZ,63489
300653.SZ,64857
300654.SZ,135832
300655.SZ,66337
300656.SZ,69315
300657.SZ,38984
300658.SZ,65455
300659.SZ,47133
300660.SZ,66334
300661.SZ,61439
300662.SZ,61466
300663.SZ,61468
300664.SZ,35109
300665.SZ,36368
300666.SZ,66332
300667.SZ,66335
300668.SZ,78382
300669.SZ,78386
300670.SZ,61467
300671.SZ,71995
300672.SZ,78385
300673.SZ,126344
300674.SZ,104421
300675.SZ,51688
300676.SZ,64858
300677.SZ,76667
300678.SZ,45127
300679.SZ,82540
300680.SZ,65451
300681.SZ,75158
300682.SZ,41927
300683.SZ,81844
300684.SZ,43094
300685.SZ,63492
300686.SZ,40168
300687.SZ,82538
300688.SZ,76665
300689.SZ,83986
300690.SZ,65449
300691.SZ,78384
300692.SZ,84810
300693.SZ,73643
300694.SZ,133818
300695.SZ,61453
300696.SZ,84788
300697.SZ,84801
300698.SZ,133775
300699.SZ,61460
300700.SZ,61492
300701.SZ,61450
300702.SZ,92071
300703.SZ,65462
300705.SZ,136755
300706.SZ,73648
300707.SZ,97005
300708.SZ,61435
300709.SZ,85466
300710.SZ,106214
300711.SZ,106643
300712.SZ,77931
300713.SZ,84808
300715.SZ,114404
300716.SZ,144171
300717.SZ,84803
300718.SZ,107584
300719.SZ,95308
300720.SZ,84787
300721.SZ,109798
300722.SZ,111444
300723.SZ,83980
300724.SZ,124279
300725.SZ,119689
300726.SZ,97002
300727.SZ,106639
300729.SZ,14538
300730.SZ,85468
300731.SZ,106637
300732.SZ,109799
300733.SZ,109804
300735.SZ,110576
300736.SZ,151647
300737.SZ,117309
300738.SZ,107580
300739.SZ,130969
300740.SZ,124270
300741.SZ,132663
300742.SZ,106642
300743.SZ,84811
300745.SZ,124266
300746.SZ,16430
300747.SZ,132662
300748.SZ,135826
300749.SZ,130079
300750.SZ,152211
300751.SZ,133779
300752.SZ,130967
300753.SZ,134758
300755.SZ,16050
300756.SZ,49334
300757.SZ,133816
300758.SZ,133813
300759.SZ,133832
300760.SZ,130057
300761.SZ,73647
300762.SZ,147241
300763.SZ,150856
300765.SZ,159818
300766.SZ,145843
300767.SZ,61434
300768.SZ,133780
300769.SZ,93707
300770.SZ,157882
300771.SZ,130069
300772.SZ,148505
300773.SZ,117308
300774.SZ,239346
300775.SZ,135806
300776.SZ,135830
300777.SZ,100636
300778.SZ,146466
300779.SZ,158969
300780.SZ,146465
300781.SZ,121577
300782.SZ,168983
300783.SZ,124267
300785.SZ,124269
300786.SZ,121573
300787.SZ,49337
300788.SZ,130080
300789.SZ,152214
300790.SZ,177195
300791.SZ,71997
300792.SZ,174213
300793.SZ,180967
300795.SZ,147239
300796.SZ,177994
300797.SZ,180961
300798.SZ,159824
300799.SZ,106213
300800.SZ,48145
300801.SZ,63484
300802.SZ,181714
300803.SZ,148659
300805.SZ,180962
300806.SZ,34954
300807.SZ,112639
300808.SZ,181704
300809.SZ,192814
300810.SZ,124276
300811.SZ,138469
300812.SZ,201844
300813.SZ,159410
300814.SZ,306859
300815.SZ,194869
300816.SZ,196104
300817.SZ,69314
300818.SZ,136756
300819.SZ,181710
300820.SZ,17822
300821.SZ,201849
300822.SZ,214437
300823.SZ,159851
300824.SZ,159826
300825.SZ,194854
300826.SZ,200678
300827.SZ,99434
300828.SZ,143902
300829.SZ,109079
300830.SZ,200656
300831.SZ,207753
300832.SZ,150229
300833.SZ,207748
300834.SZ,331824
300835.SZ,138072
300836.SZ,208766
300837.SZ,64199
300838.SZ,209369
300839.SZ,132665
300840.SZ,207751
300841.SZ,208779
300842.SZ,208772
300843.SZ,222198
300844.SZ,306654
300845.SZ,147236
300846.SZ,223975
300847.SZ,36659
300848.SZ,121575
300849.SZ,133792
300850.SZ,227614
300851.SZ,159854
300852.SZ,229609
300853.SZ,132660
300854.SZ,306398
300855.SZ,229619
300856.SZ,229620
300857.SZ,231885
300858.SZ,198648
300859.SZ,147237
300860.SZ,180959
300861.SZ,205119
300862.SZ,226504
300863.SZ,229613
300864.SZ,235352
300865.SZ,46754
300866.SZ,229608
300867.SZ,48144
300868.SZ,50940
300869.SZ,181709
300870.SZ,233874
300871.SZ,229617
300872.SZ,238203
300873.SZ,233871
300875.SZ,232826
300876.SZ,236891
300877.SZ,134753
300878.SZ,85459
300879.SZ,236930
300880.SZ,232832
300881.SZ,236928
300882.SZ,236920
300883.SZ,131808
300884.SZ,255773
300885.SZ,230762
300886.SZ,85473
300887.SZ,16568
300888.SZ,72866
300889.SZ,232825
300890.SZ,147243
300891.SZ,236914
300892.SZ,201854
300893.SZ,236926
300894.SZ,133774
300895.SZ,271753
300896.SZ,134754
300897.SZ,133796
300898.SZ,201839
300899.SZ,133805
300900.SZ,236916
300901.SZ,233873
300902.SZ,133800
300903.SZ,268735
300905.SZ,238209
300906.SZ,238190
300907.SZ,238201
300908.SZ,61451
300909.SZ,236918
300910.SZ,229606
300911.SZ,261598
300912.SZ,159822
300913.SZ,255772
300915.SZ,133784
300916.SZ,271748
300917.SZ,238208
300918.SZ,261599
300919.SZ,294723
300920.SZ,268389
300921.SZ,260138
300922.SZ,235342
300923.SZ,238171
300925.SZ,268388
300926.SZ,238223
300927.SZ,235343
300928.SZ,205118
300929.SZ,65461
300930.SZ,238183
300931.SZ,236900
300932.SZ,238163
300933.SZ,236898
300935.SZ,125261
300936.SZ,125080
300937.SZ,238230
300938.SZ,36650
300939.SZ,235350
300940.SZ,261600
300941.SZ,236896
300942.SZ,238161
300943.SZ,106636
300945.SZ,50942
300946.SZ,288909
300947.SZ,277170
300948.SZ,271743
300949.SZ,84814
300950.SZ,270383
300951.SZ,293515
300952.SZ,235353
300953.SZ,63491
300955.SZ,294731
300956.SZ,293512
300957.SZ,306392
300958.SZ,48943
300959.SZ,295512
300960.SZ,143899
300961.SZ,272873
300962.SZ,121572
300963.SZ,65441
300964.SZ,291904
300965.SZ,272900
300966.SZ,294734
300967.SZ,291920
300968.SZ,111445
300969.SZ,306372
300970.SZ,158971
300971.SZ,307292
300972.SZ,287607
300973.SZ,294729
300975.SZ,294727
300976.SZ,306378
300977.SZ,270370
300978.SZ,231889
300979.SZ,306381
300980.SZ,306411
300981.SZ,134755
300982.SZ,236897
300983.SZ,306102
300984.SZ,306117
300985.SZ,306107
300986.SZ,257260
300987.SZ,43090
300988.SZ,307076
300989.SZ,306394
300990.SZ,306386
300991.SZ,306858
300992.SZ,306409
300993.SZ,293511
300994.SZ,310971
300995.SZ,306112
300996.SZ,51692
300997.SZ,293513
300998.SZ,271752
300999.SZ,240641
301000.SZ,294724
301001.SZ,306393
301002.SZ,291908
301003.SZ,306668
301004.SZ,306396
301005.SZ,307926
301006.SZ,238178
301007.SZ,236890
301008.SZ,308149
301009.SZ,306383
301010.SZ,238227
301011.SZ,291918
301012.SZ,307719
301013.SZ,306390
301015.SZ,171523
301016.SZ,306110
301017.SZ,106212
301018.SZ,133804
301019.SZ,306661
301020.SZ,191632
301021.SZ,238224
301022.SZ,306105
301023.SZ,291912
301024.SZ,272872
301025.SZ,238165
301026.SZ,85460
301027.SZ,306382
301028.SZ,106655
301029.SZ,291919
301030.SZ,287610
301031.SZ,307293
301032.SZ,310431
301033.SZ,306374
301035.SZ,133773
301036.SZ,291914
301037.SZ,306106
301038.SZ,308909
301039.SZ,310965
301040.SZ,306659
301041.SZ,308412
301042.SZ,135831
301043.SZ,306384
301045.SZ,310979
301046.SZ,313298
301047.SZ,317164
301048.SZ,324006
301049.SZ,307294
301050.SZ,309946
301051.SZ,236892
301052.SZ,306108
301053.SZ,307929
301055.SZ,306658
301056.SZ,308414
301057.SZ,307721
301058.SZ,309697
301059.SZ,306389
301060.SZ,306856
301061.SZ,306664
301062.SZ,131812
301063.SZ,322576
301065.SZ,306656
301066.SZ,306395
301067.SZ,306662
301068.SZ,238205
301069.SZ,306373
301070.SZ,306663
301071.SZ,309693
301072.SZ,307295
301073.SZ,230761
301075.SZ,323547
301076.SZ,132656
301077.SZ,306410
301078.SZ,307499
301079.SZ,310970
301080.SZ,323776
301081.SZ,272862
301082.SZ,306657
301083.SZ,309944
301085.SZ,307498
301086.SZ,325033
301087.SZ,308663
301088.SZ,310973
301089.SZ,307497
301090.SZ,310725
301091.SZ,310961
301092.SZ,316067
301093.SZ,306380
301096.SZ,333241
301097.SZ,363791
301098.SZ,51711
301099.SZ,306379
301100.SZ,310433
301101.SZ,309480
301102.SZ,323545
301103.SZ,310432
301106.SZ,341480
301107.SZ,349047
301108.SZ,307074
301109.SZ,338014
301110.SZ,330947
301111.SZ,310976
301112.SZ,310434
301113.SZ,332129
301116.SZ,272881
301117.SZ,335649
301118.SZ,307291
301119.SZ,308413
301120.SZ,307073
301122.SZ,340422
301123.SZ,323777
301125.SZ,341323
301126.SZ,308906
301127.SZ,333530
301128.SZ,308147
301129.SZ,307501
301130.SZ,35644
301131.SZ,321466
301133.SZ,308146
301135.SZ,336515
301136.SZ,333762
301137.SZ,341320
301138.SZ,310968
301148.SZ,316409
301149.SZ,307720
301150.SZ,332920
301151.SZ,383503
301153.SZ,63493
301155.SZ,335396
301156.SZ,367349
301158.SZ,331529
301159.SZ,307075
301160.SZ,323541
301162.SZ,334570
301163.SZ,339610
301166.SZ,309945
301167.SZ,325327
301168.SZ,159849
301169.SZ,306376
301177.SZ,324435
301178.SZ,310972
301179.SZ,325620
301180.SZ,310960
301181.SZ,304019
301182.SZ,294726
301183.SZ,355920
301185.SZ,307072
301186.SZ,310727
301187.SZ,323556
301188.SZ,308907
301189.SZ,335972
301190.SZ,294725
301191.SZ,147242
301193.SZ,308908
301196.SZ,334569
301198.SZ,306405
301199.SZ,235356
301200.SZ,371317
301201.SZ,324717
301206.SZ,339876
301207.SZ,336514
301211.SZ,325026
301212.SZ,338292
301213.SZ,323553
301215.SZ,341484
301216.SZ,339606
301217.SZ,335976
301218.SZ,341312
301219.SZ,323542
301220.SZ,235345
301221.SZ,341643
301222.SZ,324434
301226.SZ,135804
301228.SZ,322802
301229.SZ,340906
301233.SZ,337378
301234.SZ,310196
301235.SZ,341489
301236.SZ,351442
301237.SZ,228708
301238.SZ,341315
301239.SZ,310966
301248.SZ,336513
301256.SZ,340646
301257.SZ,325035
301258.SZ,133822
301259.SZ,309698
301263.SZ,146469
301266.SZ,140988
301268.SZ,341122
301279.SZ,341313
301286.SZ,61461
301288.SZ,366678
301289.SZ,377530
301298.SZ,310430
301302.SZ,157879
430017.BJ,453975
430047.BJ,398653
430090.BJ,398627
430139.BJ,455596
430198.BJ,398591
430300.BJ,457538
430418.BJ,398590
430425.BJ,457542
430476.BJ,450517
430489.BJ,398609
430510.BJ,398647
430556.BJ,452406
430564.BJ,411784
430685.BJ,453676
430718.BJ,446530
600000.SH,1120
600004.SH,1125
600005.SH,1127
600006.SH,1128
600007.SH,1129
600008.SH,1130
600009.SH,1131
600010.SH,1133
600011.SH,1134
600012.SH,1136
600015.SH,1139
600016.SH,1141
600017.SH,4697
600018.SH,4788
600019.SH,1144
600020.SH,1145
600021.SH,1147
600022.SH,2889
600023.SH,31610
600025.SH,83987
600026.SH,1149
600027.SH,3054
600028.SH,1151
600029.SH,1154
600030.SH,1157
600031.SH,1159
600032.SH,272894
600033.SH,1161
600035.SH,1162
600036.SH,1164
600037.SH,1165
600038.SH,1167
600039.SH,1168
600048.SH,4431
600050.SH,1170
600051.SH,1172
600052.SH,1173
600053.SH,1174
600054.SH,1175
600055.SH,1177
600056.SH,1178
600057.SH,1179
600058.SH,1180
600059.SH,1181
600060.SH,1182
600061.SH,1183
600062.SH,1184
600063.SH,1185
600064.SH,1186
600066.SH,1188
600067.SH,1189
600068.SH,1190
600069.SH,1191
600070.SH,1192
600071.SH,1193
600072.SH,1194
600073.SH,1195
600074.SH,1196
600075.SH,1197
600076.SH,1198
600077.SH,1199
600078.SH,1200
600079.SH,1201
600080.SH,1202
600081.SH,1203
600082.SH,1204
600083.SH,1205
600084.SH,1206
600085.SH,1207
600086.SH,1208
600088.SH,1211
600089.SH,1212
600090.SH,1213
600091.SH,1214
600093.SH,1216
600094.SH,1217
600095.SH,1219
600096.SH,1220
600097.SH,1222
600098.SH,1223
600099.SH,1224
600100.SH,1225
600101.SH,1226
600103.SH,1228
600104.SH,1229
600105.SH,1230
600106.SH,1231
600107.SH,1232
600108.SH,1233
600109.SH,1234
600110.SH,1235
600111.SH,1236
600112.SH,1237
600113.SH,1238
600114.SH,1239
600115.SH,1241
600116.SH,1243
600117.SH,1244
600118.SH,1246
600119.SH,1247
600120.SH,1248
600121.SH,1249
600122.SH,1250
600123.SH,1251
600125.SH,1252
600126.SH,1253
600127.SH,1254
600128.SH,1255
600129.SH,1256
600130.SH,1257
600131.SH,1258
600132.SH,1259
600133.SH,1260
600135.SH,1261
600136.SH,1262
600137.SH,1263
600138.SH,1264
600139.SH,1265
600141.SH,1266
600143.SH,2892
600145.SH,1267
600146.SH,1268
600148.SH,1269
600149.SH,1270
600150.SH,1271
600151.SH,1272
600152.SH,1273
600153.SH,1274
600155.SH,1275
600156.SH,1276
600157.SH,1277
600158.SH,1278
600159.SH,1279
600160.SH,1280
600161.SH,1281
600162.SH,1282
600163.SH,1283
600165.SH,1284
600166.SH,1285
600167.SH,1286
600168.SH,1287
600169.SH,1288
600170.SH,1289
600171.SH,1290
600172.SH,1291
600173.SH,1292
600175.SH,1293
600176.SH,1294
600177.SH,1295
600178.SH,1297
600179.SH,1298
600180.SH,1299
600182.SH,1301
600183.SH,1302
600184.SH,1303
600185.SH,1305
600186.SH,1306
600187.SH,1307
600188.SH,1308
600189.SH,1310
600190.SH,1311
600191.SH,1313
600192.SH,1314
600193.SH,1315
600195.SH,1316
600196.SH,1317
600197.SH,1319
600198.SH,1320
600199.SH,1321
600200.SH,1322
600201.SH,1323
600202.SH,1324
600203.SH,1325
600206.SH,1327
600207.SH,1328
600208.SH,1329
600209.SH,1330
600210.SH,1331
600211.SH,1332
600212.SH,1333
600213.SH,1334
600215.SH,1335
600216.SH,1336
600217.SH,1337
600218.SH,1338
600219.SH,1339
600220.SH,1340
600221.SH,1342
600222.SH,1344
600223.SH,1345
600225.SH,1346
600226.SH,1347
600227.SH,1348
600228.SH,1349
600229.SH,1350
600230.SH,1351
600231.SH,1352
600232.SH,1353
600233.SH,1354
600234.SH,1355
600235.SH,1356
600236.SH,1357
600237.SH,1359
600238.SH,1360
600239.SH,1361
600240.SH,1362
600241.SH,1363
600242.SH,1364
600243.SH,1365
600246.SH,1366
600247.SH,1367
600248.SH,1368
600249.SH,1369
600250.SH,1371
600251.SH,1372
600252.SH,1374
600255.SH,1376
600256.SH,1377
600257.SH,1378
600258.SH,1379
600259.SH,1380
600260.SH,1381
600261.SH,1382
600262.SH,1383
600265.SH,1385
600266.SH,1386
600267.SH,1387
600268.SH,1388
600269.SH,1389
600270.SH,1390
600271.SH,1391
600272.SH,1393
600273.SH,1395
600275.SH,1397
600276.SH,1398
600277.SH,1399
600278.SH,1400
600279.SH,1401
600280.SH,1402
600281.SH,1403
600282.SH,1404
600283.SH,1405
600284.SH,1406
600285.SH,1408
600287.SH,1410
600288.SH,1411
600289.SH,1412
600290.SH,1413
600291.SH,1414
600292.SH,1415
600293.SH,1416
600295.SH,1417
600297.SH,1420
600298.SH,1421
600299.SH,1422
600300.SH,1423
600301.SH,1424
600302.SH,1426
600303.SH,1427
600305.SH,1428
600306.SH,1429
600307.SH,1430
600308.SH,1431
600309.SH,1432
600310.SH,1433
600311.SH,1434
600312.SH,1435
600313.SH,1436
600315.SH,1437
600316.SH,1438
600317.SH,1439
600318.SH,1441
600319.SH,1442
600320.SH,1443
600321.SH,1445
600322.SH,1446
600323.SH,1447
600325.SH,1448
600326.SH,1450
600327.SH,1451
600328.SH,1453
600329.SH,1454
600330.SH,1455
600331.SH,1456
600332.SH,1457
600333.SH,1459
600335.SH,1460
600336.SH,1461
600337.SH,1462
600338.SH,1463
600339.SH,1464
600340.SH,1465
600343.SH,1467
600345.SH,1469
600346.SH,1470
600348.SH,1471
600350.SH,1475
600351.SH,1476
600352.SH,1478
600353.SH,1480
600354.SH,1482
600355.SH,1484
600356.SH,1486
600358.SH,1489
600359.SH,1490
600360.SH,1491
600361.SH,1492
600362.SH,1493
600363.SH,1495
600365.SH,1496
600366.SH,1497
600367.SH,1498
600368.SH,1499
600369.SH,1500
600370.SH,1501
600371.SH,1503
600372.SH,1505
600373.SH,1506
600375.SH,1507
600376.SH,1509
600377.SH,1510
600378.SH,1512
600379.SH,1513
600380.SH,1514
600381.SH,1515
600382.SH,1516
600383.SH,1517
600385.SH,1518
600386.SH,1519
600387.SH,1520
600388.SH,1522
600389.SH,1523
600390.SH,1524
600391.SH,1525
600392.SH,1526
600393.SH,1528
600395.SH,1529
600396.SH,1530
600397.SH,1531
600398.SH,1533
600399.SH,1534
600400.SH,1535
600401.SH,1536
600403.SH,1538
600405.SH,1540
600406.SH,1542
600408.SH,1544
600409.SH,1546
600410.SH,1548
600415.SH,1550
600416.SH,1551
600418.SH,1553
600419.SH,1555
600420.SH,1556
600421.SH,1558
600422.SH,1560
600423.SH,1561
600425.SH,1563
600426.SH,1565
600428.SH,1567
600429.SH,1568
600432.SH,1570
600433.SH,1572
600435.SH,1574
600436.SH,1576
600438.SH,1578
600439.SH,1580
600444.SH,1582
600446.SH,1584
600448.SH,1586
600449.SH,1587
600452.SH,1589
600455.SH,1591
600456.SH,1593
600458.SH,1594
600459.SH,1596
600460.SH,1598
600461.SH,1600
600462.SH,1602
600463.SH,1604
600466.SH,1606
600467.SH,1607
600468.SH,1609
600469.SH,1610
600470.SH,1612
600475.SH,1614
600476.SH,1616
600477.SH,1618
600478.SH,1620
600479.SH,1622
600480.SH,1624
600481.SH,1626
600482.SH,2895
600483.SH,1628
600485.SH,1630
600486.SH,1632
600487.SH,1633
600488.SH,1635
600489.SH,1636
600490.SH,1638
600491.SH,1640
600493.SH,1642
600495.SH,1644
600496.SH,1646
600497.SH,1647
600498.SH,1649
600499.SH,1650
600500.SH,1652
600501.SH,1653
600502.SH,1654
600503.SH,1656
600505.SH,1658
600506.SH,1659
600507.SH,1660
600508.SH,1662
600509.SH,1663
600510.SH,1664
600511.SH,1666
600512.SH,1668
600513.SH,1670
600515.SH,1672
600516.SH,1674
600517.SH,1676
600518.SH,1678
600519.SH,1679
600520.SH,1680
600521.SH,1681
600522.SH,1683
600523.SH,1685
600525.SH,1686
600526.SH,1688
600527.SH,1690
600528.SH,1692
600529.SH,1693
600530.SH,1694
600531.SH,1695
600532.SH,1697
600533.SH,1699
600535.SH,1700
600536.SH,1702
600537.SH,1703
600538.SH,1705
600539.SH,1707
600540.SH,1708
600543.SH,1710
600545.SH,1712
600546.SH,1714
600547.SH,1716
600548.SH,1718
600549.SH,1720
600550.SH,1722
600551.SH,1723
600552.SH,1725
600555.SH,1729
600556.SH,1731
600557.SH,1732
600558.SH,1734
600559.SH,1735
600560.SH,1737
600561.SH,1739
600562.SH,1741
600563.SH,1743
600565.SH,1745
600566.SH,1747
600567.SH,1748
600568.SH,1750
600569.SH,1751
600570.SH,1752
600571.SH,1754
600572.SH,1756
600573.SH,1758
600575.SH,1760
600576.SH,1762
600577.SH,1764
600578.SH,1766
600579.SH,1767
600580.SH,1769
600581.SH,1770
600582.SH,1772
600583.SH,1773
600584.SH,1774
600585.SH,1776
600586.SH,1778
600587.SH,1780
600588.SH,1782
600589.SH,1783
600590.SH,1784
600592.SH,1788
600593.SH,1790
600594.SH,1792
600595.SH,1794
600596.SH,1796
600597.SH,1797
600598.SH,1799
600599.SH,1800
600600.SH,1801
600601.SH,1803
600602.SH,1804
600603.SH,1806
600604.SH,1807
600605.SH,1809
600606.SH,1810
600608.SH,1812
600609.SH,1813
600610.SH,1814
600611.SH,1816
600612.SH,1818
600613.SH,1820
600614.SH,1822
600615.SH,1824
600616.SH,1825
600617.SH,1826
600618.SH,1828
600619.SH,1830
600620.SH,1832
600621.SH,1833
600622.SH,1834
600623.SH,1835
600624.SH,1837
600626.SH,1840
600628.SH,1842
600629.SH,1843
600630.SH,1844
600633.SH,1847
600634.SH,1848
600635.SH,1849
600636.SH,1850
600637.SH,1851
600638.SH,1852
600639.SH,1853
600640.SH,1855
600641.SH,1856
600642.SH,1857
600643.SH,1858
600644.SH,1859
600645.SH,1860
600647.SH,1862
600648.SH,1863
600649.SH,1865
600650.SH,1866
600651.SH,1868
600652.SH,1869
600653.SH,1870
600654.SH,1871
600655.SH,1872
600656.SH,1873
600657.SH,1874
600658.SH,1875
600660.SH,1877
600661.SH,1878
600662.SH,1879
600663.SH,1880
600664.SH,1882
600665.SH,1883
600666.SH,1884
600667.SH,1885
600668.SH,1886
600671.SH,1889
600673.SH,1891
600674.SH,1892
600675.SH,1893
600676.SH,1894
600677.SH,1895
600678.SH,1896
600679.SH,1897
600680.SH,1899
600681.SH,1901
600682.SH,1902
600683.SH,1903
600684.SH,1904
600685.SH,1905
600686.SH,1907
600687.SH,1908
600688.SH,1909
600689.SH,1911
600690.SH,1913
600691.SH,1914
600692.SH,1915
600693.SH,1916
600694.SH,1917
600695.SH,1918
600696.SH,1920
600697.SH,1921
600698.SH,1922
600699.SH,1924
600701.SH,1926
600702.SH,1927
600703.SH,1928
600704.SH,1929
600705.SH,1930
600706.SH,1931
600707.SH,1932
600708.SH,1933
600710.SH,1935
600711.SH,1936
600712.SH,1937
600713.SH,1938
600714.SH,1939
600715.SH,1940
600716.SH,1941
600717.SH,1942
600718.SH,1943
600719.SH,1944
600720.SH,1945
600721.SH,1946
600722.SH,1947
600723.SH,1948
600724.SH,1949
600725.SH,1950
600726.SH,1951
600727.SH,1954
600728.SH,1955
600729.SH,1956
600730.SH,1957
600731.SH,1958
600732.SH,1959
600733.SH,1960
600734.SH,1961
600735.SH,1962
600736.SH,1963
600737.SH,1964
600738.SH,1965
600739.SH,1966
600740.SH,1967
600741.SH,1968
600742.SH,1969
600743.SH,1970
600744.SH,1971
600745.SH,1972
600746.SH,1973
600747.SH,1974
600748.SH,1975
600749.SH,1976
600750.SH,1977
600751.SH,1978
600753.SH,1981
600754.SH,1982
600755.SH,1984
600756.SH,1985
600757.SH,1986
600758.SH,1987
600759.SH,1988
600760.SH,1989
600761.SH,1990
600763.SH,1992
600764.SH,1993
600765.SH,1994
600766.SH,1995
600767.SH,1996
600768.SH,1997
600769.SH,1998
600770.SH,1999
600771.SH,2000
600773.SH,2002
600774.SH,2003
600775.SH,2004
600776.SH,2006
600777.SH,2008
600778.SH,2009
600779.SH,2010
600780.SH,2011
600781.SH,2012
600782.SH,2013
600783.SH,2014
600784.SH,2015
600785.SH,2016
600787.SH,2018
600789.SH,2020
600790.SH,2021
600791.SH,2022
600792.SH,2023
600793.SH,2024
600794.SH,2025
600795.SH,2026
600796.SH,2028
600797.SH,2029
600798.SH,2030
600800.SH,2032
600801.SH,2033
600802.SH,2035
600803.SH,2036
600804.SH,2037
600805.SH,2038
600806.SH,2039
600807.SH,2041
600808.SH,2042
600809.SH,2044
600810.SH,2045
600811.SH,2046
600812.SH,2047
600814.SH,2049
600815.SH,2050
600816.SH,2051
600817.SH,2052
600818.SH,2053
600819.SH,2055
600820.SH,2057
600821.SH,2058
600822.SH,2059
600823.SH,2061
600824.SH,2062
600825.SH,2063
600826.SH,2064
600827.SH,2065
600828.SH,2067
600829.SH,2068
600830.SH,2069
600831.SH,2070
600832.SH,2071
600833.SH,2072
600834.SH,2073
600835.SH,2074
600836.SH,2076
600837.SH,2077
600838.SH,2078
600839.SH,2079
600841.SH,2081
600843.SH,2084
600844.SH,2086
600845.SH,2088
600846.SH,2090
600847.SH,2091
600848.SH,2092
600850.SH,2095
600851.SH,2096
600853.SH,2099
600854.SH,2100
600855.SH,2101
600856.SH,2102
600857.SH,2103
600858.SH,2104
600859.SH,2105
600860.SH,2106
600861.SH,2108
600862.SH,2109
600863.SH,2110
600864.SH,2111
600865.SH,2112
600866.SH,2113
600867.SH,2114
600868.SH,2115
600869.SH,2116
600870.SH,2117
600871.SH,2118
600872.SH,2120
600873.SH,2121
600874.SH,2122
600875.SH,2124
600876.SH,2126
600877.SH,2128
600879.SH,2130
600880.SH,2131
600881.SH,2132
600882.SH,2133
600883.SH,2134
600884.SH,2135
600885.SH,2136
600886.SH,2137
600887.SH,2138
600888.SH,2139
600889.SH,2140
600890.SH,2141
600891.SH,2142
600892.SH,2143
600893.SH,2144
600894.SH,2145
600895.SH,2146
600896.SH,2147
600897.SH,2148
600898.SH,2149
600900.SH,2151
600901.SH,79127
600903.SH,106211
600905.SH,288905
600906.SH,270380
600908.SH,36714
600909.SH,34408
600916.SH,238221
600917.SH,17483
600918.SH,73642
600919.SH,36719
600926.SH,36723
600927.SH,352827
600928.SH,109073
600929.SH,159558
600933.SH,145133
600935.SH,288907
600936.SH,35231
600938.SH,411356
600939.SH,34993
600941.SH,393291
600955.SH,306131
600956.SH,199617
600958.SH,34474
600959.SH,34737
600960.SH,2153
600961.SH,2898
600962.SH,2900
600963.SH,2155
600965.SH,2902
600966.SH,2157
600967.SH,2159
600968.SH,85472
600969.SH,2161
600970.SH,3109
600971.SH,2904
600973.SH,2906
600975.SH,2163
600976.SH,2165
600977.SH,36248
600978.SH,2908
600979.SH,2910
600980.SH,2167
600981.SH,2912
600982.SH,2914
600983.SH,2916
600984.SH,2918
600985.SH,2169
600986.SH,2171
600987.SH,2920
600988.SH,2173
600989.SH,159843
600990.SH,2175
600992.SH,2179
600993.SH,2181
600995.SH,2183
600996.SH,46506
600997.SH,2185
600998.SH,11515
600999.SH,7329
601000.SH,10807
601001.SH,4356
601002.SH,4935
601003.SH,5166
601005.SH,5172
601006.SH,4451
601007.SH,5190
601008.SH,5262
601009.SH,5685
601010.SH,10325
601011.SH,12513
601012.SH,10635
601015.SH,34884
601016.SH,17074
601018.SH,11103
601019.SH,64189
601020.SH,41556
601021.SH,34605
601028.SH,11550
601038.SH,16171
601058.SH,9855
601066.SH,133797
601068.SH,84773
601069.SH,34881
601077.SH,160353
601086.SH,35748
601088.SH,6203
601089.SH,383702
601098.SH,11314
601099.SH,6545
601100.SH,14512
601101.SH,10099
601106.SH,9923
601107.SH,7096
601108.SH,61402
601111.SH,4521
601113.SH,12951
601116.SH,12242
601117.SH,9244
601118.SH,10703
601126.SH,7388
601127.SH,35971
601128.SH,36721
601137.SH,12281
601138.SH,163992
601139.SH,9141
601155.SH,63224
601156.SH,239345
601158.SH,10033
601162.SH,65468
601163.SH,36678
601166.SH,5011
601168.SH,5565
601169.SH,6114
601177.SH,11202
601179.SH,9866
601186.SH,6630
601187.SH,155239
601188.SH,10487
601198.SH,34475
601199.SH,12612
601200.SH,115868
601208.SH,13046
601211.SH,34470
601212.SH,35376
601216.SH,12401
601218.SH,12836
601222.SH,13205
601225.SH,14655
601226.SH,34544
601228.SH,42379
601229.SH,36717
601231.SH,16013
601233.SH,13045
601236.SH,135812
601238.SH,16915
601258.SH,12534
601268.SH,7392
601279.SH,236931
601288.SH,11134
601298.SH,147232
601299.SH,9158
601311.SH,13297
601318.SH,5179
601319.SH,146458
601326.SH,18575
601328.SH,5432
601330.SH,84771
601333.SH,4906
601336.SH,15627
601339.SH,15934
601360.SH,15122
601366.SH,35374
601368.SH,15612
601369.SH,10418
601375.SH,41934
601377.SH,11214
601388.SH,16007
601390.SH,6364
601398.SH,4725
601399.SH,300111
601456.SH,106644
601500.SH,34949
601512.SH,34877
601515.SH,16008
601518.SH,10488
601519.SH,12293
601528.SH,101151
601555.SH,14704
601558.SH,11947
601566.SH,12950
601567.SH,13443
601568.SH,236893
601577.SH,157136
601579.SH,17692
601588.SH,4675
601595.SH,34324
601598.SH,210254
601599.SH,13261
601600.SH,5437
601601.SH,6447
601606.SH,35263
601607.SH,2094
601608.SH,16914
601609.SH,194041
601611.SH,35611
601615.SH,165695
601616.SH,12343
601618.SH,9184
601619.SH,66348
601628.SH,4945
601633.SH,7389
601636.SH,13975
601658.SH,238177
601665.SH,233867
601666.SH,4800
601668.SH,7033
601669.SH,14225
601677.SH,14173
601678.SH,9638
601686.SH,238225
601688.SH,9843
601689.SH,34532
601696.SH,206555
601698.SH,159831
601699.SH,4587
601700.SH,12280
601702.SH,208764
601717.SH,10832
601718.SH,10869
601727.SH,7173
601728.SH,365801
601766.SH,7098
601777.SH,11840
601778.SH,208763
601788.SH,7099
601789.SH,12402
601798.SH,13356
601799.SH,12303
601800.SH,14824
601801.SH,9344
601808.SH,6187
601811.SH,34935
601816.SH,258899
601818.SH,11391
601825.SH,239348
601827.SH,208762
601828.SH,34688
601838.SH,36724
601857.SH,6233
601858.SH,36666
601860.SH,105557
601865.SH,18755
601866.SH,6424
601868.SH,401477
601869.SH,133795
601872.SH,4837
601877.SH,9367
601878.SH,36412
601880.SH,11882
601881.SH,38521
601882.SH,34876
601886.SH,14107
601888.SH,8990
601890.SH,12173
601898.SH,6599
601899.SH,6548
601900.SH,35148
601901.SH,13692
601908.SH,14106
601916.SH,152206
601918.SH,6373
601919.SH,5563
601921.SH,304024
601928.SH,14988
601929.SH,15874
601933.SH,12122
601939.SH,6179
601949.SH,66353
601952.SH,48148
601956.SH,339634
601958.SH,6620
601963.SH,180206
601965.SH,16118
601966.SH,35479
601968.SH,34941
601969.SH,17476
601975.SH,208611
601985.SH,34878
601988.SH,4373
601989.SH,9023
601990.SH,119690
601991.SH,4874
601992.SH,12603
601995.SH,297002
601996.SH,11607
601997.SH,36722
601998.SH,5324
601999.SH,6410
603000.SH,16184
603001.SH,14799
603002.SH,10634
603003.SH,11213
603005.SH,18457
603006.SH,12891
603007.SH,36091
603008.SH,16523
603009.SH,17438
603010.SH,34339
603011.SH,34603
603012.SH,35000
603013.SH,34676
603015.SH,34678
603016.SH,36558
603017.SH,34831
603018.SH,35480
603019.SH,36300
603020.SH,35745
603021.SH,35001
603022.SH,35698
603023.SH,17753
603025.SH,34887
603026.SH,36220
603027.SH,35924
603028.SH,35880
603029.SH,36009
603030.SH,34547
603031.SH,34853
603032.SH,43085
603033.SH,35856
603035.SH,36688
603036.SH,35881
603037.SH,41930
603038.SH,42383
603039.SH,41928
603040.SH,42384
603041.SH,49340
603042.SH,61407
603043.SH,36132
603045.SH,154824
603048.SH,352829
603050.SH,48940
603051.SH,381437
603053.SH,180960
603055.SH,63482
603056.SH,51686
603058.SH,50475
603059.SH,109072
603060.SH,35437
603063.SH,61382
603066.SH,35923
603067.SH,36367
603068.SH,147247
603069.SH,34315
603070.SH,373184
603071.SH,338288
603076.SH,82539
603077.SH,16325
603078.SH,48139
603079.SH,61428
603080.SH,138065
603081.SH,51263
603083.SH,82541
603085.SH,35701
603086.SH,40968
603087.SH,82548
603088.SH,17419
603089.SH,44167
603090.SH,34996
603093.SH,61373
603095.SH,223974
603096.SH,48497
603097.SH,382737
603098.SH,36676
603099.SH,18848
603100.SH,18576
603101.SH,34798
603102.SH,235346
603103.SH,84766
603105.SH,126733
603106.SH,77939
603108.SH,35513
603109.SH,109074
603110.SH,64862
603111.SH,18851
603112.SH,236910
603113.SH,49605
603115.SH,159845
603116.SH,34733
603117.SH,34318
603118.SH,35054
603121.SH,135801
603122.SH,341627
603123.SH,16108
603126.SH,16763
603127.SH,50479
603128.SH,16208
603129.SH,76662
603131.SH,35699
603132.SH,370815
603133.SH,48140
603136.SH,70142
603138.SH,47127
603139.SH,50943
603150.SH,131814
603155.SH,238168
603156.SH,13371
603157.SH,61414
603158.SH,34316
603159.SH,35261
603160.SH,34997
603161.SH,109071
603165.SH,42578
603166.SH,17075
603167.SH,11939
603168.SH,16326
603169.SH,35850
603171.SH,254601
603176.SH,352828
603177.SH,41554
603178.SH,48132
603179.SH,48147
603180.SH,49339
603181.SH,81852
603183.SH,81850
603185.SH,17009
603186.SH,36668
603187.SH,158970
603188.SH,34742
603189.SH,35062
603191.SH,383694
603192.SH,135805
603195.SH,194867
603196.SH,61399
603197.SH,14039
603198.SH,35746
603199.SH,9935
603200.SH,50937
603203.SH,36686
603206.SH,383701
603208.SH,43084
603209.SH,366675
603212.SH,159836
603213.SH,323599
603214.SH,84780
603215.SH,365806
603216.SH,302472
603217.SH,45128
603218.SH,40969
603219.SH,369263
603220.SH,133776
603221.SH,207747
603222.SH,35512
603223.SH,36557
603225.SH,118397
603226.SH,64866
603227.SH,34546
603228.SH,41177
603229.SH,49879
603230.SH,349023
603232.SH,49876
603233.SH,63488
603236.SH,159837
603238.SH,45131
603239.SH,36667
603256.SH,131817
603258.SH,36004
603259.SH,135828
603260.SH,66347
603261.SH,238204
603266.SH,35753
603267.SH,131815
603268.SH,35702
603269.SH,49878
603272.SH,382732
603277.SH,135818
603278.SH,106210
603279.SH,130078
603283.SH,83983
603286.SH,65464
603288.SH,16790
603289.SH,64190
603290.SH,196107
603297.SH,133814
603298.SH,39617
603299.SH,36219
603300.SH,36249
603301.SH,130064
603303.SH,42378
603305.SH,74493
603306.SH,35849
603308.SH,17309
603309.SH,34322
603311.SH,35858
603313.SH,36134
603315.SH,35439
603316.SH,51710
603317.SH,35308
603318.SH,34700
603319.SH,36005
603320.SH,34675
603321.SH,81853
603322.SH,36726
603323.SH,36718
603324.SH,257266
603326.SH,66341
603327.SH,159838
603328.SH,12812
603329.SH,65465
603330.SH,45836
603331.SH,51715
603332.SH,146463
603333.SH,16119
603335.SH,51697
603336.SH,38378
603337.SH,45129
603338.SH,35477
603339.SH,35752
603345.SH,36418
603348.SH,156116
603351.SH,154561
603353.SH,133217
603355.SH,34478
603356.SH,104417
603357.SH,61371
603358.SH,42382
603359.SH,15918
603360.SH,42580
603363.SH,81851
603365.SH,77934
603366.SH,16377
603367.SH,35438
603368.SH,34687
603369.SH,34602
603377.SH,35694
603378.SH,45835
603379.SH,109795
603380.SH,74485
603383.SH,34743
603385.SH,48130
603386.SH,81847
603387.SH,61397
603388.SH,39614
603389.SH,34327
603390.SH,181705
603392.SH,84784
603393.SH,46507
603396.SH,48141
603398.SH,36556
603399.SH,16578
603408.SH,231892
603416.SH,36671
603421.SH,34943
603429.SH,83985
603439.SH,207750
603444.SH,36007
603456.SH,13868
603458.SH,66344
603466.SH,85479
603477.SH,124271
603486.SH,112642
603488.SH,51717
603489.SH,181703
603496.SH,51245
603499.SH,82549
603500.SH,80732
603501.SH,50936
603505.SH,36679
603506.SH,85484
603507.SH,84783
603508.SH,35695
603511.SH,304745
603515.SH,34945
603516.SH,130056
603517.SH,39423
603518.SH,14148
603519.SH,36338
603520.SH,34854
603527.SH,134730
603528.SH,34799
603529.SH,181702
603530.SH,159850
603533.SH,83984
603535.SH,63487
603536.SH,49341
603538.SH,41555
603551.SH,179102
603555.SH,16970
603556.SH,34948
603557.SH,81849
603558.SH,34995
603559.SH,36665
603565.SH,223971
603566.SH,17420
603567.SH,34851
603568.SH,36006
603569.SH,34951
603577.SH,39616
603578.SH,106031
603579.SH,41181
603580.SH,106940
603583.SH,157133
603585.SH,39228
603586.SH,50939
603587.SH,61408
603588.SH,35008
603589.SH,35262
603590.SH,107598
603595.SH,75896
603596.SH,121570
603598.SH,36252
603599.SH,15065
603600.SH,35441
603601.SH,36410
603602.SH,35884
603603.SH,35847
603605.SH,81848
603606.SH,34679
603607.SH,101150
603608.SH,34852
603609.SH,17755
603610.SH,182479
603611.SH,34329
603612.SH,34992
603613.SH,146472
603615.SH,45837
603616.SH,35444
603617.SH,68609
603618.SH,35006
603619.SH,61413
603626.SH,42216
603628.SH,36592
603629.SH,133834
603630.SH,46508
603633.SH,36675
603636.SH,35004
603637.SH,40964
603638.SH,41180
603639.SH,36046
603648.SH,65443
603650.SH,133819
603655.SH,85475
603656.SH,46134
603657.SH,135822
603658.SH,36092
603659.SH,83981
603660.SH,34937
603661.SH,104412
603662.SH,135823
603663.SH,35003
603665.SH,43089
603666.SH,121568
603667.SH,34936
603668.SH,39618
603669.SH,36677
603676.SH,104418
603677.SH,41552
603678.SH,35970
603679.SH,51719
603680.SH,49875
603681.SH,133807
603682.SH,36413
603683.SH,65445
603685.SH,102615
603686.SH,14620
603687.SH,159834
603688.SH,17474
603689.SH,36336
603690.SH,35258
603693.SH,133788
603696.SH,34682
603697.SH,138067
603698.SH,34604
603699.SH,17070
603700.SH,131809
603701.SH,34473
603703.SH,34850
603706.SH,132671
603707.SH,73640
603708.SH,36680
603709.SH,84767
603711.SH,61416
603712.SH,158259
603713.SH,134731
603716.SH,36669
603717.SH,51260
603718.SH,35147
603719.SH,181711
603721.SH,51265
603722.SH,128981
603725.SH,61410
603726.SH,34674
603727.SH,36689
603728.SH,51250
603729.SH,15736
603730.SH,34736
603733.SH,119692
603737.SH,36522
603738.SH,35751
603739.SH,134761
603755.SH,133812
603757.SH,66339
603758.SH,48934
603759.SH,238162
603766.SH,16655
603767.SH,61427
603768.SH,47533
603773.SH,130075
603776.SH,51244
603777.SH,17410
603778.SH,36523
603779.SH,34843
603786.SH,159848
603787.SH,48146
603788.SH,34479
603789.SH,34465
603790.SH,135813
603797.SH,38761
603798.SH,34832
603799.SH,35197
603800.SH,35440
603801.SH,72864
603803.SH,48498
603806.SH,17415
603808.SH,36521
603809.SH,65466
603810.SH,133835
603811.SH,41931
603813.SH,66343
603815.SH,179101
603816.SH,34950
603817.SH,45126
603818.SH,34471
603819.SH,36218
603822.SH,36093
603823.SH,41174
603825.SH,35443
603826.SH,49880
603828.SH,34531
603829.SH,85478
603833.SH,40166
603836.SH,306145
603838.SH,35882
603839.SH,42579
603843.SH,34337
603848.SH,96039
603855.SH,50477
603856.SH,51716
603858.SH,36415
603859.SH,35851
603860.SH,34592
603861.SH,16159
603863.SH,157884
603866.SH,34734
603867.SH,159832
603868.SH,34942
603869.SH,36131
603871.SH,106658
603876.SH,134727
603877.SH,40965
603878.SH,35852
603879.SH,51262
603880.SH,61420
603881.SH,42215
603882.SH,69312
603883.SH,34801
603885.SH,34803
603886.SH,36414
603887.SH,35002
603888.SH,36670
603889.SH,34399
603890.SH,121566
603893.SH,85470
603895.SH,92072
603896.SH,47130
603897.SH,119693
603898.SH,34991
603899.SH,34548
603900.SH,35373
603901.SH,34848
603903.SH,47531
603906.SH,49338
603908.SH,43086
603909.SH,34804
603912.SH,92075
603915.SH,135815
603916.SH,65444
603917.SH,84777
603918.SH,34849
603919.SH,34946
603920.SH,48149
603922.SH,74490
603926.SH,50934
603927.SH,159829
603928.SH,40967
603929.SH,35697
603931.SH,238214
603933.SH,65446
603936.SH,35442
603937.SH,142834
603938.SH,61415
603939.SH,35793
603948.SH,197335
603949.SH,112641
603950.SH,181717
603955.SH,46509
603956.SH,159839
603958.SH,35750
603959.SH,34681
603960.SH,47129
603963.SH,64864
603966.SH,39619
603967.SH,83998
603968.SH,36639
603969.SH,34934
603970.SH,61374
603976.SH,80736
603977.SH,35311
603978.SH,61400
603979.SH,34319
603980.SH,66342
603982.SH,159846
603983.SH,36685
603985.SH,61411
603986.SH,35007
603987.SH,35925
603988.SH,34340
603989.SH,17411
603990.SH,39615
603991.SH,47532
603992.SH,171531
603993.SH,16766
603995.SH,180208
603996.SH,46753
603997.SH,34323
603998.SH,34847
603999.SH,34855
605001.SH,225165
605003.SH,233864
605005.SH,238175
605006.SH,85471
605007.SH,236899
605008.SH,223972
605009.SH,232829
605011.SH,238215
605016.SH,268387
605018.SH,238196
605020.SH,301163
605028.SH,271751
605033.SH,334039
605050.SH,227626
605055.SH,236903
605056.SH,298803
605058.SH,238198
605060.SH,238185
605066.SH,231888
605068.SH,238191
605069.SH,238170
605077.SH,236902
605080.SH,271744
605081.SH,236919
605086.SH,264627
605088.SH,133821
605089.SH,272889
605090.SH,194868
605098.SH,133787
605099.SH,229616
605100.SH,225166
605108.SH,84770
605111.SH,207745
605116.SH,232841
605117.SH,238188
605118.SH,229603
605122.SH,236911
605123.SH,233861
605128.SH,201843
605133.SH,235349
605136.SH,92073
605138.SH,306142
605151.SH,82544
605155.SH,238173
605158.SH,107596
605162.SH,239347
605166.SH,227620
605167.SH,304022
605168.SH,227682
605169.SH,232830
605177.SH,235344
605178.SH,132667
605179.SH,236929
605180.SH,231890
605183.SH,135829
605186.SH,236908
605188.SH,225178
605189.SH,293514
605196.SH,238213
605198.SH,207749
605199.SH,233880
605208.SH,239344
605218.SH,233879
605222.SH,231891
605228.SH,231884
605255.SH,235351
605258.SH,238179
605259.SH,304747
605266.SH,130061
605268.SH,236924
605277.SH,238206
605286.SH,250716
605287.SH,264629
605288.SH,208765
605289.SH,206548
605296.SH,84774
605298.SH,238210
605299.SH,176146
605300.SH,254600
605303.SH,61391
605305.SH,249548
605318.SH,232842
605319.SH,239340
605333.SH,208759
605336.SH,236917
605337.SH,236932
605338.SH,236915
605339.SH,181713
605358.SH,207746
605365.SH,304012
605366.SH,227691
605368.SH,181706
605369.SH,233865
605376.SH,238220
605377.SH,233877
605378.SH,238217
605388.SH,231887
605389.SH,227686
605398.SH,232831
605399.SH,233862
605488.SH,304018
605499.SH,293510
605500.SH,233878
605507.SH,298802
605555.SH,306138
605566.SH,302471
605567.SH,336523
605577.SH,329114
605580.SH,306149
605588.SH,306137
605589.SH,272858
605598.SH,306140
605599.SH,318331
688001.SH,222932
688002.SH,222196
688003.SH,223424
688004.SH,260383
688005.SH,222192
688006.SH,226096
688007.SH,222916
688008.SH,223247
688009.SH,225656
688010.SH,222934
688011.SH,223094
688012.SH,223097
688013.SH,291901
688015.SH,223091
688016.SH,224973
688017.SH,290675
688018.SH,223702
688019.SH,223095
688020.SH,226099
688021.SH,228083
688022.SH,223977
688023.SH,224485
688025.SH,226101
688026.SH,233074
688027.SH,222927
688028.SH,225171
688029.SH,226102
688030.SH,224482
688032.SH,341468
688033.SH,225169
688036.SH,223090
688037.SH,240640
688038.SH,319546
688039.SH,223093
688045.SH,366083
688046.SH,383185
688047.SH,382748
688048.SH,382125
688049.SH,341492
688050.SH,267754
688051.SH,229418
688052.SH,373178
688055.SH,273971
688056.SH,271997
688057.SH,225393
688058.SH,226100
688059.SH,304731
688060.SH,270364
688062.SH,339361
688063.SH,299727
688065.SH,267743
688066.SH,225168
688067.SH,299480
688068.SH,223976
688069.SH,233068
688070.SH,292220
688071.SH,307717
688072.SH,385318
688075.SH,300486
688076.SH,303431
688077.SH,265832
688078.SH,223703
688079.SH,296079
688080.SH,225913
688081.SH,238000
688082.SH,300253
688083.SH,290053
688085.SH,237621
688086.SH,223705
688087.SH,309687
688088.SH,222926
688089.SH,228072
688090.SH,233604
688091.SH,313284
688092.SH,294025
688093.SH,288805
688095.SH,286562
688096.SH,239336
688097.SH,223250
688098.SH,226104
688099.SH,222197
688100.SH,223978
688101.SH,226508
688102.SH,340642
688103.SH,339358
688105.SH,340643
688106.SH,268701
688107.SH,366293
688108.SH,223096
688109.SH,296078
688110.SH,322028
688111.SH,229183
688112.SH,304540
688113.SH,305208
688115.SH,383184
688116.SH,222195
688117.SH,304732
688118.SH,233075
688119.SH,339854
688120.SH,325319
688121.SH,347611
688122.SH,225547
688123.SH,223419
688125.SH,383015
688126.SH,228323
688127.SH,287384
688128.SH,228730
688129.SH,290062
688131.SH,299482
688133.SH,224972
688135.SH,291902
688136.SH,295753
688138.SH,231880
688139.SH,223422
688148.SH,303677
688150.SH,379125
688151.SH,340902
688153.SH,381066
688155.SH,271551
688156.SH,259683
688157.SH,256017
688158.SH,223248
688159.SH,229017
688160.SH,292217
688161.SH,302464
688162.SH,341120
688163.SH,229416
688165.SH,237620
688166.SH,224179
688167.SH,349306
688168.SH,223979
688169.SH,224487
688170.SH,382468
688171.SH,300255
688173.SH,372152
688175.SH,368295
688176.SH,372715
688177.SH,239530
688178.SH,226095
688179.SH,294298
688180.SH,254386
688181.SH,228731
688182.SH,305441
688183.SH,299895
688185.SH,276716
688186.SH,224738
688187.SH,341469
688188.SH,224735
688189.SH,237619
688190.SH,361817
688191.SH,295755
688192.SH,355570
688193.SH,379887
688195.SH,294499
688196.SH,227696
688197.SH,356833
688198.SH,225526
688199.SH,226094
688200.SH,244960
688201.SH,305205
688202.SH,226103
688206.SH,382465
688207.SH,381432
688208.SH,237995
688209.SH,376709
688210.SH,341133
688211.SH,334838
688212.SH,340901
688213.SH,382743
688215.SH,276040
688216.SH,304736
688217.SH,304538
688218.SH,222194
688219.SH,294013
688220.SH,338860
688221.SH,245883
688222.SH,239845
688223.SH,382744
688225.SH,356211
688226.SH,302188
688227.SH,305438
688228.SH,236823
688229.SH,266345
688230.SH,361523
688232.SH,310699
688233.SH,226512
688234.SH,373365
688235.SH,348107
688236.SH,340107
688237.SH,369261
688238.SH,375265
688239.SH,304733
688246.SH,318124
688248.SH,376651
688251.SH,383009
688255.SH,336243
688256.SH,287350
688257.SH,329589
688258.SH,224737
688259.SH,335961
688260.SH,302189
688261.SH,379890
688262.SH,341471
688265.SH,339583
688266.SH,234144
688267.SH,379140
688268.SH,225170
688269.SH,303967
688270.SH,383008
688272.SH,346113
688276.SH,316374
688277.SH,244959
688278.SH,222928
688279.SH,381433
688280.SH,304534
688281.SH,364329
688282.SH,339360
688283.SH,374892
688285.SH,339855
688286.SH,260135
688287.SH,410285
688288.SH,222933
688289.SH,282567
688290.SH,383188
688295.SH,382124
688296.SH,323770
688297.SH,400904
688298.SH,229424
688299.SH,226509
688300.SH,226098
688301.SH,285408
688302.SH,371250
688303.SH,319841
688305.SH,299892
688306.SH,320824
688308.SH,291900
688309.SH,258180
688310.SH,229594
688311.SH,271222
688312.SH,254577
688313.SH,286832
688314.SH,301655
688315.SH,300950
688316.SH,289417
688317.SH,300257
688318.SH,240096
688319.SH,304730
688320.SH,382123
688321.SH,222929
688323.SH,304743
688325.SH,382464
688326.SH,383016
688327.SH,336506
688328.SH,294012
688329.SH,300483
688330.SH,286563
688331.SH,381068
688333.SH,223980
688335.SH,276042
688336.SH,259949
688337.SH,377488
688338.SH,271723
688339.SH,239529
688345.SH,301647
688348.SH,383011
688349.SH,359419
688350.SH,296621
688355.SH,305442
688356.SH,260136
688357.SH,228322
688358.SH,228333
688359.SH,316373
688360.SH,237992
688363.SH,224733
688365.SH,234476
688366.SH,226093
688367.SH,318325
688368.SH,226106
688369.SH,226511
688377.SH,255260
688378.SH,289746
688379.SH,269517
688383.SH,288804
688385.SH,323538
688386.SH,288910
688388.SH,225394
688389.SH,225655
688390.SH,271548
688393.SH,271737
688395.SH,304539
688396.SH,237622
688398.SH,241661
688399.SH,226736
688400.SH,381806
688408.SH,289406
688418.SH,260948
688425.SH,302776
688456.SH,303969
688466.SH,232095
688468.SH,301416
688488.SH,255512
688499.SH,222193
688500.SH,237999
688501.SH,304292
688505.SH,229891
688508.SH,271180
688509.SH,305433
688510.SH,294882
688511.SH,324708
688513.SH,223704
688516.SH,237998
688517.SH,303678
688518.SH,237994
688519.SH,283940
688520.SH,252151
688521.SH,253349
688526.SH,222186
688528.SH,233605
688529.SH,291536
688533.SH,303112
688536.SH,292216
688538.SH,316689
688550.SH,283941
688551.SH,288803
688553.SH,336246
688555.SH,235021
688556.SH,271718
688557.SH,293498
688558.SH,260652
688559.SH,272196
688560.SH,295740
688561.SH,295727
688565.SH,302186
688566.SH,237387
688567.SH,252148
688568.SH,223092
688569.SH,263196
688571.SH,295721
688575.SH,292865
688577.SH,271552
688578.SH,291899
688579.SH,237993
688580.SH,270078
688585.SH,271720
688586.SH,264396
688588.SH,226097
688589.SH,261213
688590.SH,271728
688595.SH,288004
688596.SH,289745
688597.SH,313282
688598.SH,256016
688599.SH,230468
688600.SH,271181
688601.SH,309459
688606.SH,299896
688607.SH,296346
688608.SH,292857
688609.SH,300751
688611.SH,303973
688613.SH,303974
688616.SH,298781
688617.SH,292858
688618.SH,299203
688619.SH,296622
688621.SH,317825
688622.SH,237991
688625.SH,301415
688626.SH,300283
688628.SH,299204
688630.SH,296347
688633.SH,300264
688636.SH,300478
688639.SH,301922
688655.SH,310691
688656.SH,226510
688658.SH,294501
688659.SH,290052
688660.SH,303970
688661.SH,300485
688662.SH,302187
688663.SH,304537
688665.SH,294502
688667.SH,300955
688668.SH,294500
688669.SH,295290
688670.SH,327888
688676.SH,296077
688677.SH,294014
688678.SH,298309
688679.SH,296991
688680.SH,296990
688681.SH,305203
688682.SH,303675
688683.SH,302784
688685.SH,305436
688686.SH,297949
688687.SH,299725
688689.SH,299205
688690.SH,303676
688696.SH,295291
688697.SH,341630
688698.SH,294505
688699.SH,294297
688700.SH,305215
688701.SH,322793
688707.SH,342407
688711.SH,340096
688718.SH,321725
688722.SH,324411
688728.SH,306666
688733.SH,301921
688737.SH,341472
688739.SH,295289
688766.SH,311234
688767.SH,324412
688768.SH,325980
688772.SH,330951
688776.SH,324707
688777.SH,287114
688778.SH,311490
688779.SH,294884
688786.SH,305434
688787.SH,224486
688788.SH,295294
688789.SH,302775
688793.SH,304734
688798.SH,323537
688799.SH,304735
688800.SH,339604
688819.SH,272000
688981.SH,300284
830779.BJ,476394
830799.BJ,398608
830809.BJ,477740
830832.BJ,398638
830839.BJ,398628
830879.BJ,418696
830896.BJ,476880
830946.BJ,398610
830964.BJ,398589
830974.BJ,451268
831010.BJ,398618
831039.BJ,398620
831087.BJ,455593
831152.BJ,411763
831167.BJ,422529
831195.BJ,456663
831278.BJ,419533
831304.BJ,477741
831305.BJ,402359
831370.BJ,398611
831445.BJ,398619
831526.BJ,457230
831641.BJ,455856
831689.BJ,411755
831726.BJ,398635
831768.BJ,398633
831832.BJ,407904
831834.BJ,411806
831855.BJ,455551
831856.BJ,398649
831906.BJ,456661
831961.BJ,398602
832000.BJ,398650
832023.BJ,453677
832089.BJ,402353
832110.BJ,446529
832145.BJ,402360
832149.BJ,457541
832171.BJ,407905
832175.BJ,496840
832225.BJ,398637
832278.BJ,398604
832317.BJ,398603
832419.BJ,411762
832471.BJ,473297
832491.BJ,421604
832566.BJ,398625
832651.BJ,497373
832662.BJ,452408
832735.BJ,398640
832802.BJ,455876
832876.BJ,453312
832885.BJ,398631
832982.BJ,451088
833075.BJ,457235
833171.BJ,450809
833230.BJ,444334
833266.BJ,398601
833346.BJ,411798
833394.BJ,476301
833427.BJ,398642
833429.BJ,445245
833454.BJ,407906
833455.BJ,474930
833509.BJ,398645
833523.BJ,398636
833533.BJ,411753
833575.BJ,439377
833580.BJ,411796
833751.BJ,497237
833781.BJ,456901
833819.BJ,398612
833873.BJ,407907
833874.BJ,398596
833914.BJ,453675
833943.BJ,412383
833994.BJ,398614
834014.BJ,456902
834021.BJ,398605
834033.BJ,457233
834062.BJ,412386
834261.BJ,445317
834407.BJ,457545
834415.BJ,398606
834475.BJ,398607
834599.BJ,398639
834639.BJ,421605
834682.BJ,398615
834765.BJ,398632
834770.BJ,457267
835174.BJ,398617
835179.BJ,412388
835184.BJ,398593
835185.BJ,398594
835207.BJ,445986
835237.BJ,454774
835305.BJ,398616
835368.BJ,398621
835508.BJ,398623
835640.BJ,398598
835670.BJ,398651
835857.BJ,457269
835892.BJ,457229
835985.BJ,427840
836077.BJ,398613
836149.BJ,398592
836208.BJ,457262
836221.BJ,473728
836239.BJ,398641
836247.BJ,453309
836260.BJ,407908
836263.BJ,398624
836270.BJ,439726
836395.BJ,421869
836414.BJ,457228
836422.BJ,455545
836433.BJ,398626
836675.BJ,398648
836717.BJ,477276
836720.BJ,407909
836807.BJ,457543
836826.BJ,398644
836871.BJ,421860
836892.BJ,402362
836942.BJ,455864
836957.BJ,456370
837006.BJ,490408
837046.BJ,412254
837092.BJ,402354
837212.BJ,398634
837242.BJ,398599
837344.BJ,398646
837592.BJ,457548
837663.BJ,457231
837821.BJ,411795
838030.BJ,398652
838163.BJ,398595
838171.BJ,421863
838227.BJ,457435
838262.BJ,457534
838275.BJ,398643
838402.BJ,421386
838670.BJ,420616
838701.BJ,493452
838810.BJ,456893
838924.BJ,402357
838971.BJ,451267
839167.BJ,398600
839273.BJ,446745
839680.BJ,402355
839719.BJ,477746
839725.BJ,435545
839729.BJ,398597
839790.BJ,421866
839792.BJ,457532
839946.BJ,398630
870199.BJ,456662
870204.BJ,411803
870299.BJ,411766
870357.BJ,457544
870436.BJ,407910
870508.BJ,449563
870866.BJ,445241
871245.BJ,411779
871396.BJ,398654
871478.BJ,477287
871553.BJ,398629
871634.BJ,456905
871642.BJ,398622
871694.BJ,471652
871753.BJ,449338
871857.BJ,411792
871970.BJ,411815
871981.BJ,407911
872190.BJ,456895
872351.BJ,456903
872374.BJ,455199
872392.BJ,456664
872541.BJ,457234
872808.BJ,455595
872895.BJ,453974
872925.BJ,402364
873122.BJ,439727
873152.BJ,455855
873167.BJ,445985
873169.BJ,412382
873223.BJ,412384
873305.BJ,457617
873339.BJ,457232
873527.BJ,456372
873576.BJ,497369
